Method,Dataset,MAE
ACC,1043_ada_agnostic,0.05115
ACC,1048_jEdit_4,0.24215
ACC,1049_pc4,0.0691
ACC,1050_pc3,0.5
ACC,1054_mc2,0.16895
ACC,1056_mc1,0.09465
ACC,1061_ar4,0.1259
ACC,1065_kc3,0.5
ACC,1066_kc1-binary,0.0659
ACC,1068_pc1,0.5
ACC,1069_pc2,0.4918
ACC,1071_mw1,0.3007999999999999
ACC,1073_jEdit_4,0.1638
ACC,1075_datatrieve,0.5
ACC,1115_teachingAssistant,0.32155
ACC,1121_badges2,0.0
ACC,1167_pc1_req,0.15875
ACC,11_balance-scale,0.01905
ACC,12_mfeat-factors,0.0059499999999999
ACC,1456_appendicitis,0.25365
ACC,1460_banana,0.25875
ACC,1462_banknote-authentication,0.0072499999999999
ACC,1464_blood-transfusion-service-center,0.20375
ACC,1465_breast-tissue,0.11505
ACC,1466_cardiotocography,0.0
ACC,1467_climate-model-simulation-crashes,0.5
ACC,1473_fertility,0.5
ACC,1475_first-order-theorem-proving,0.09505
ACC,1479_hill-valley,0.05155
ACC,1484_lsvt,0.08215
ACC,1485_madelon,0.1593
ACC,1487_ozone-level-8hr,0.233
ACC,1488_parkinsons,0.0868
ACC,1489_phoneme,0.1085
ACC,1490_planning-relax,0.5
ACC,1494_qsar-biodeg,0.0762
ACC,1495_qualitative-bankruptcy,0.0361
ACC,1496_ringnorm,0.06365
ACC,1497_wall-robot-navigation,0.0615
ACC,1498_sa-heart,0.109
ACC,14_mfeat-fourier,0.00975
ACC,1501_semeion,0.04495
ACC,1504_steel-plates-fault,0.0
ACC,1506_thoracic-surgery,0.5
ACC,1507_twonorm,0.01115
ACC,1508_user-knowledge,0.02865
ACC,1510_wdbc,0.0135
ACC,1511_wholesale-customers,0.04475
ACC,1512_heart-long-beach,0.5
ACC,1519_robot-failures-lp4,0.0575
ACC,1520_robot-failures-lp5,0.23575
ACC,1523_vertebra-column,0.0137
ACC,1526_wall-robot-navigation,0.08505
ACC,1527_volcanoes-a1,0.044
ACC,1528_volcanoes-a2,0.0511
ACC,1529_volcanoes-a3,0.04955
ACC,1530_volcanoes-a4,0.0511
ACC,1535_volcanoes-b5,0.09415
ACC,1538_volcanoes-d1,0.5
ACC,1539_volcanoes-d2,0.5
ACC,1540_volcanoes-d3,0.2511
ACC,1541_volcanoes-d4,0.32155
ACC,1547_autoUniv-au1-1000,0.5
ACC,1559_breast-tissue,0.33235
ACC,1565_heart-h,0.05745
ACC,1566_hill-valley,0.12895
ACC,1570_wilt,0.08715
ACC,1600_SPECTF,0.08825
ACC,16_mfeat-karhunen,0.0137
ACC,182_satimage,0.0130499999999999
ACC,187_wine,0.0115
ACC,18_mfeat-morphological,0.0065
ACC,20_mfeat-pixel,0.0162
ACC,22_mfeat-zernike,0.0323
ACC,23_cmc,0.11215
ACC,28_optdigits,0.0204
ACC,292_Australian,0.03105
ACC,294_satellite_image,0.0152
ACC,30_page-blocks,0.0713
ACC,311_oil_spill,0.2453
ACC,312_scene,0.01445
ACC,316_yeast_ml8,0.5
ACC,329_hayes-roth,0.127
ACC,333_monks-problems-1,0.09785
ACC,334_monks-problems-2,0.5
ACC,335_monks-problems-3,0.01475
ACC,336_SPECT,0.2506
ACC,36_segment,0.00745
ACC,375_JapaneseVowels,0.0247
ACC,377_synthetic_control,0.0
ACC,37_diabetes,0.1377
ACC,40474_thyroid-allbp,0.08035
ACC,40475_thyroid-allhyper,0.09195
ACC,40496_LED-display-domain-7digit,0.08015
ACC,40733_yeast,0.3874499999999999
ACC,40877_seeds,0.03265
ACC,40_sonar,0.07025
ACC,43_haberman,0.2818
ACC,44_spambase,0.02215
ACC,450_analcatdata_lawsuit,0.31475
ACC,4538_GesturePhaseSegmentationProcessed,0.1512
ACC,458_analcatdata_authorship,0.0052
ACC,461_analcatdata_creditscore,0.02875
ACC,463_backache,0.5
ACC,464_prnn_synth,0.06975
ACC,48_tae,0.3069
ACC,53_heart-statlog,0.11615
ACC,54_vehicle,0.0276
ACC,59_ionosphere,0.084
ACC,60_waveform-5000,0.0344
ACC,61_iris,0.0
ACC,679_rmftsa_sleepdata,0.5
ACC,694_diggle_table_a2,0.01515
ACC,AedesQuinx,0.04875
ACC,AedesSex,0.0115
ACC,anuranCalls,0.01075
ACC,ArabicDigit,0.01085
ACC,BNG,0.0229499999999999
ACC,click-prediction,0.02025
ACC,cmc,0.4985
ACC,covtype_reduced,0.09885
ACC,default_credit_card_clients,0.06985
ACC,eeg,0.10875
ACC,HTRU,0.2412
ACC,jm1-processed,0.1733
ACC,letter-recognition,0.5
ACC,magic,0.0599
ACC,mozilla,0.04195
ACC,namao,0.02145
ACC,occupancy,0.0076
ACC,phoneme,0.1012
ACC,spambase,0.0246
ACC,winetype,0.0051
CC,1043_ada_agnostic,0.1832
CC,1048_jEdit_4,0.19905
CC,1049_pc4,0.28845
CC,1050_pc3,0.5
CC,1054_mc2,0.27
CC,1056_mc1,0.38815
CC,1061_ar4,0.33715
CC,1065_kc3,0.5
CC,1066_kc1-binary,0.12955
CC,1068_pc1,0.5
CC,1069_pc2,0.4993999999999999
CC,1071_mw1,0.43395
CC,1073_jEdit_4,0.1975
CC,1075_datatrieve,0.5
CC,1115_teachingAssistant,0.3929999999999999
CC,1121_badges2,0.0
CC,1167_pc1_req,0.37205
CC,11_balance-scale,0.0317
CC,12_mfeat-factors,0.00885
CC,1456_appendicitis,0.3398
CC,1460_banana,0.42095
CC,1462_banknote-authentication,0.00955
CC,1464_blood-transfusion-service-center,0.4485
CC,1465_breast-tissue,0.3601
CC,1466_cardiotocography,0.0
CC,1467_climate-model-simulation-crashes,0.5
CC,1473_fertility,0.5
CC,1475_first-order-theorem-proving,0.1902499999999999
CC,1479_hill-valley,0.22625
CC,1484_lsvt,0.0762
CC,1485_madelon,0.215
CC,1487_ozone-level-8hr,0.4203499999999999
CC,1488_parkinsons,0.22795
CC,1489_phoneme,0.24815
CC,1490_planning-relax,0.5
CC,1494_qsar-biodeg,0.08525
CC,1495_qualitative-bankruptcy,0.0233999999999999
CC,1496_ringnorm,0.14825
CC,1497_wall-robot-navigation,0.13335
CC,1498_sa-heart,0.22665
CC,14_mfeat-fourier,0.00975
CC,1501_semeion,0.02005
CC,1504_steel-plates-fault,0.0
CC,1506_thoracic-surgery,0.5
CC,1507_twonorm,0.0151
CC,1508_user-knowledge,0.1303
CC,1510_wdbc,0.01665
CC,1511_wholesale-customers,0.0538999999999999
CC,1512_heart-long-beach,0.5
CC,1519_robot-failures-lp4,0.3148999999999999
CC,1520_robot-failures-lp5,0.2978
CC,1523_vertebra-column,0.00995
CC,1526_wall-robot-navigation,0.16845
CC,1527_volcanoes-a1,0.2118
CC,1528_volcanoes-a2,0.217
CC,1529_volcanoes-a3,0.2162
CC,1530_volcanoes-a4,0.20975
CC,1535_volcanoes-b5,0.34765
CC,1538_volcanoes-d1,0.5
CC,1539_volcanoes-d2,0.5
CC,1540_volcanoes-d3,0.4853499999999999
CC,1541_volcanoes-d4,0.47485
CC,1547_autoUniv-au1-1000,0.5
CC,1559_breast-tissue,0.25215
CC,1565_heart-h,0.1448
CC,1566_hill-valley,0.2146
CC,1570_wilt,0.3625
CC,1600_SPECTF,0.25295
CC,16_mfeat-karhunen,0.02845
CC,182_satimage,0.02135
CC,187_wine,0.02535
CC,18_mfeat-morphological,0.0086
CC,20_mfeat-pixel,0.0204
CC,22_mfeat-zernike,0.03705
CC,23_cmc,0.22735
CC,28_optdigits,0.05325
CC,292_Australian,0.0786
CC,294_satellite_image,0.02075
CC,30_page-blocks,0.1417
CC,311_oil_spill,0.22195
CC,312_scene,0.02845
CC,316_yeast_ml8,0.5
CC,329_hayes-roth,0.2161
CC,333_monks-problems-1,0.1877499999999999
CC,334_monks-problems-2,0.5
CC,335_monks-problems-3,0.02555
CC,336_SPECT,0.32205
CC,36_segment,0.0103
CC,375_JapaneseVowels,0.0592
CC,377_synthetic_control,0.0
CC,37_diabetes,0.173
CC,40474_thyroid-allbp,0.1582
CC,40475_thyroid-allhyper,0.16365
CC,40496_LED-display-domain-7digit,0.2196999999999999
CC,40733_yeast,0.36655
CC,40877_seeds,0.011
CC,40_sonar,0.0917999999999999
CC,43_haberman,0.38775
CC,44_spambase,0.0483
CC,450_analcatdata_lawsuit,0.33525
CC,4538_GesturePhaseSegmentationProcessed,0.3703
CC,458_analcatdata_authorship,0.0052
CC,461_analcatdata_creditscore,0.02155
CC,463_backache,0.5
CC,464_prnn_synth,0.05615
CC,48_tae,0.2656
CC,53_heart-statlog,0.1422
CC,54_vehicle,0.0291
CC,59_ionosphere,0.1339499999999999
CC,60_waveform-5000,0.0768
CC,61_iris,0.0
CC,679_rmftsa_sleepdata,0.5
CC,694_diggle_table_a2,0.03675
CC,AedesQuinx,0.10295
CC,AedesSex,0.0151
CC,anuranCalls,0.0098
CC,ArabicDigit,0.0131
CC,BNG,0.09005
CC,click-prediction,0.03975
CC,cmc,0.4985
CC,covtype_reduced,0.22745
CC,default_credit_card_clients,0.1285
CC,eeg,0.3728
CC,HTRU,0.2963
CC,jm1-processed,0.4313499999999999
CC,letter-recognition,0.5
CC,magic,0.1835
CC,mozilla,0.0954
CC,namao,0.0416
CC,occupancy,0.0094
CC,phoneme,0.24645
CC,spambase,0.0491
CC,winetype,0.004
DyS,1043_ada_agnostic,0.05055
DyS,1048_jEdit_4,0.1334
DyS,1049_pc4,0.0550999999999999
DyS,1050_pc3,0.5
DyS,1054_mc2,0.064
DyS,1056_mc1,0.16495
DyS,1061_ar4,0.43655
DyS,1065_kc3,0.337
DyS,1066_kc1-binary,0.05145
DyS,1068_pc1,0.263
DyS,1069_pc2,0.4756
DyS,1071_mw1,0.32255
DyS,1073_jEdit_4,0.12465
DyS,1075_datatrieve,0.4543999999999999
DyS,1115_teachingAssistant,0.26505
DyS,1121_badges2,0.0
DyS,1167_pc1_req,0.1619
DyS,11_balance-scale,0.022
DyS,12_mfeat-factors,0.0084
DyS,1456_appendicitis,0.27835
DyS,1460_banana,0.1765
DyS,1462_banknote-authentication,0.00515
DyS,1464_blood-transfusion-service-center,0.08265
DyS,1465_breast-tissue,0.08945
DyS,1466_cardiotocography,0.0
DyS,1467_climate-model-simulation-crashes,0.317
DyS,1473_fertility,0.5
DyS,1475_first-order-theorem-proving,0.0776
DyS,1479_hill-valley,0.04285
DyS,1484_lsvt,0.10305
DyS,1485_madelon,0.16005
DyS,1487_ozone-level-8hr,0.1091
DyS,1488_parkinsons,0.0608999999999999
DyS,1489_phoneme,0.0487
DyS,1490_planning-relax,0.5
DyS,1494_qsar-biodeg,0.0451
DyS,1495_qualitative-bankruptcy,0.0251
DyS,1496_ringnorm,0.0509
DyS,1497_wall-robot-navigation,0.04595
DyS,1498_sa-heart,0.067
DyS,14_mfeat-fourier,0.0104
DyS,1501_semeion,0.01465
DyS,1504_steel-plates-fault,0.0012
DyS,1506_thoracic-surgery,0.281
DyS,1507_twonorm,0.00815
DyS,1508_user-knowledge,0.02625
DyS,1510_wdbc,0.0098
DyS,1511_wholesale-customers,0.0317
DyS,1512_heart-long-beach,0.482
DyS,1519_robot-failures-lp4,0.05935
DyS,1520_robot-failures-lp5,0.27855
DyS,1523_vertebra-column,0.01075
DyS,1526_wall-robot-navigation,0.05915
DyS,1527_volcanoes-a1,0.03405
DyS,1528_volcanoes-a2,0.09325
DyS,1529_volcanoes-a3,0.07445
DyS,1530_volcanoes-a4,0.0449
DyS,1535_volcanoes-b5,0.0809
DyS,1538_volcanoes-d1,0.5
DyS,1539_volcanoes-d2,0.5
DyS,1540_volcanoes-d3,0.0599
DyS,1541_volcanoes-d4,0.0975
DyS,1547_autoUniv-au1-1000,0.41155
DyS,1559_breast-tissue,0.1565
DyS,1565_heart-h,0.0852999999999999
DyS,1566_hill-valley,0.1041
DyS,1570_wilt,0.0465
DyS,1600_SPECTF,0.07125
DyS,16_mfeat-karhunen,0.024
DyS,182_satimage,0.0079
DyS,187_wine,0.0264
DyS,18_mfeat-morphological,0.0086
DyS,20_mfeat-pixel,0.0158
DyS,22_mfeat-zernike,0.0483
DyS,23_cmc,0.0948
DyS,28_optdigits,0.02245
DyS,292_Australian,0.0309
DyS,294_satellite_image,0.0113
DyS,30_page-blocks,0.0283999999999999
DyS,311_oil_spill,0.0481
DyS,312_scene,0.01185
DyS,316_yeast_ml8,0.337
DyS,329_hayes-roth,0.05605
DyS,333_monks-problems-1,0.0981
DyS,334_monks-problems-2,0.5
DyS,335_monks-problems-3,0.01495
DyS,336_SPECT,0.1802
DyS,36_segment,0.0045
DyS,375_JapaneseVowels,0.01325
DyS,377_synthetic_control,0.0035
DyS,37_diabetes,0.06795
DyS,40474_thyroid-allbp,0.05225
DyS,40475_thyroid-allhyper,0.0631
DyS,40496_LED-display-domain-7digit,0.16835
DyS,40733_yeast,0.0984999999999999
DyS,40877_seeds,0.0143
DyS,40_sonar,0.04885
DyS,43_haberman,0.2000499999999999
DyS,44_spambase,0.0201
DyS,450_analcatdata_lawsuit,0.2239999999999999
DyS,4538_GesturePhaseSegmentationProcessed,0.09645
DyS,458_analcatdata_authorship,0.0062
DyS,461_analcatdata_creditscore,0.0506
DyS,463_backache,0.482
DyS,464_prnn_synth,0.0281499999999999
DyS,48_tae,0.3072
DyS,53_heart-statlog,0.1538
DyS,54_vehicle,0.01935
DyS,59_ionosphere,0.0559
DyS,60_waveform-5000,0.0278
DyS,61_iris,0.0
DyS,679_rmftsa_sleepdata,0.5
DyS,694_diggle_table_a2,0.0162
DyS,AedesQuinx,0.03915
DyS,AedesSex,0.0105
DyS,anuranCalls,0.0058499999999999
DyS,ArabicDigit,0.0089
DyS,BNG,0.01965
DyS,click-prediction,0.0152
DyS,cmc,0.1293
DyS,covtype_reduced,0.092
DyS,default_credit_card_clients,0.0539
DyS,eeg,0.0807499999999999
DyS,HTRU,0.1413
DyS,jm1-processed,0.09785
DyS,letter-recognition,0.49155
DyS,magic,0.0518
DyS,mozilla,0.0369
DyS,namao,0.0163
DyS,occupancy,0.0073
DyS,phoneme,0.0554
DyS,spambase,0.0204
DyS,winetype,0.0045
HDy,1043_ada_agnostic,0.0957
HDy,1048_jEdit_4,0.15245
HDy,1049_pc4,0.2085
HDy,1050_pc3,0.24285
HDy,1054_mc2,0.17855
HDy,1056_mc1,0.31605
HDy,1061_ar4,0.47275
HDy,1065_kc3,0.309
HDy,1066_kc1-binary,0.15635
HDy,1068_pc1,0.263
HDy,1069_pc2,0.43215
HDy,1071_mw1,0.45155
HDy,1073_jEdit_4,0.1843
HDy,1075_datatrieve,0.4724
HDy,1115_teachingAssistant,0.307
HDy,1121_badges2,0.0
HDy,1167_pc1_req,0.2003
HDy,11_balance-scale,0.02915
HDy,12_mfeat-factors,0.0149
HDy,1456_appendicitis,0.3671999999999999
HDy,1460_banana,0.0654
HDy,1462_banknote-authentication,0.00845
HDy,1464_blood-transfusion-service-center,0.2327
HDy,1465_breast-tissue,0.3621
HDy,1466_cardiotocography,0.01665
HDy,1467_climate-model-simulation-crashes,0.317
HDy,1473_fertility,0.5
HDy,1475_first-order-theorem-proving,0.086
HDy,1479_hill-valley,0.0486
HDy,1484_lsvt,0.08395
HDy,1485_madelon,0.1579
HDy,1487_ozone-level-8hr,0.1876
HDy,1488_parkinsons,0.17495
HDy,1489_phoneme,0.06165
HDy,1490_planning-relax,0.5
HDy,1494_qsar-biodeg,0.0356
HDy,1495_qualitative-bankruptcy,0.0736
HDy,1496_ringnorm,0.06875
HDy,1497_wall-robot-navigation,0.0556
HDy,1498_sa-heart,0.0852
HDy,14_mfeat-fourier,0.0231
HDy,1501_semeion,0.05225
HDy,1504_steel-plates-fault,0.00815
HDy,1506_thoracic-surgery,0.281
HDy,1507_twonorm,0.0083
HDy,1508_user-knowledge,0.035
HDy,1510_wdbc,0.012
HDy,1511_wholesale-customers,0.02675
HDy,1512_heart-long-beach,0.482
HDy,1519_robot-failures-lp4,0.05905
HDy,1520_robot-failures-lp5,0.4188
HDy,1523_vertebra-column,0.0124
HDy,1526_wall-robot-navigation,0.05785
HDy,1527_volcanoes-a1,0.0694
HDy,1528_volcanoes-a2,0.2005
HDy,1529_volcanoes-a3,0.15835
HDy,1530_volcanoes-a4,0.18265
HDy,1535_volcanoes-b5,0.21065
HDy,1538_volcanoes-d1,0.5
HDy,1539_volcanoes-d2,0.5
HDy,1540_volcanoes-d3,0.11085
HDy,1541_volcanoes-d4,0.1718499999999999
HDy,1547_autoUniv-au1-1000,0.276
HDy,1559_breast-tissue,0.19235
HDy,1565_heart-h,0.16715
HDy,1566_hill-valley,0.0917999999999999
HDy,1570_wilt,0.1195
HDy,1600_SPECTF,0.21075
HDy,16_mfeat-karhunen,0.04545
HDy,182_satimage,0.0141999999999999
HDy,187_wine,0.0364
HDy,18_mfeat-morphological,0.0157
HDy,20_mfeat-pixel,0.0177
HDy,22_mfeat-zernike,0.05525
HDy,23_cmc,0.1659
HDy,28_optdigits,0.0416
HDy,292_Australian,0.02895
HDy,294_satellite_image,0.01295
HDy,30_page-blocks,0.05465
HDy,311_oil_spill,0.2512999999999999
HDy,312_scene,0.01315
HDy,316_yeast_ml8,0.337
HDy,329_hayes-roth,0.0716
HDy,333_monks-problems-1,0.07185
HDy,334_monks-problems-2,0.5
HDy,335_monks-problems-3,0.01495
HDy,336_SPECT,0.2585
HDy,36_segment,0.0156
HDy,375_JapaneseVowels,0.0346
HDy,377_synthetic_control,0.02265
HDy,37_diabetes,0.06935
HDy,40474_thyroid-allbp,0.05445
HDy,40475_thyroid-allhyper,0.0613
HDy,40496_LED-display-domain-7digit,0.30835
HDy,40733_yeast,0.1164
HDy,40877_seeds,0.0325
HDy,40_sonar,0.07145
HDy,43_haberman,0.3371
HDy,44_spambase,0.0242499999999999
HDy,450_analcatdata_lawsuit,0.34875
HDy,4538_GesturePhaseSegmentationProcessed,0.1588
HDy,458_analcatdata_authorship,0.01485
HDy,461_analcatdata_creditscore,0.1346
HDy,463_backache,0.482
HDy,464_prnn_synth,0.02975
HDy,48_tae,0.3077499999999999
HDy,53_heart-statlog,0.20725
HDy,54_vehicle,0.01885
HDy,59_ionosphere,0.09595
HDy,60_waveform-5000,0.0365
HDy,61_iris,0.0
HDy,679_rmftsa_sleepdata,0.5
HDy,694_diggle_table_a2,0.0643
HDy,AedesQuinx,0.0511
HDy,AedesSex,0.01365
HDy,anuranCalls,0.0062
HDy,ArabicDigit,0.0107
HDy,BNG,0.0352
HDy,click-prediction,0.01845
HDy,cmc,0.128
HDy,covtype_reduced,0.17065
HDy,default_credit_card_clients,0.0664
HDy,eeg,0.1361
HDy,HTRU,0.14425
HDy,jm1-processed,0.1496
HDy,letter-recognition,0.0949499999999999
HDy,magic,0.08355
HDy,mozilla,0.04305
HDy,namao,0.02205
HDy,occupancy,0.01655
HDy,phoneme,0.07605
HDy,spambase,0.025
HDy,winetype,0.00615
MAX,1043_ada_agnostic,0.0601499999999999
MAX,1048_jEdit_4,0.2001
MAX,1049_pc4,0.0511
MAX,1050_pc3,0.2872
MAX,1054_mc2,0.1384
MAX,1056_mc1,0.06735
MAX,1061_ar4,0.15035
MAX,1065_kc3,0.5
MAX,1066_kc1-binary,0.06245
MAX,1068_pc1,0.5
MAX,1069_pc2,0.1314
MAX,1071_mw1,0.05815
MAX,1073_jEdit_4,0.19795
MAX,1075_datatrieve,0.0661
MAX,1115_teachingAssistant,0.11245
MAX,1121_badges2,0.0
MAX,1167_pc1_req,0.19435
MAX,11_balance-scale,0.01905
MAX,12_mfeat-factors,0.0068
MAX,1456_appendicitis,0.13685
MAX,1460_banana,0.1717
MAX,1462_banknote-authentication,0.0083
MAX,1464_blood-transfusion-service-center,0.0949499999999999
MAX,1465_breast-tissue,0.18945
MAX,1466_cardiotocography,0.0
MAX,1467_climate-model-simulation-crashes,0.5
MAX,1473_fertility,0.5
MAX,1475_first-order-theorem-proving,0.0942
MAX,1479_hill-valley,0.09945
MAX,1484_lsvt,0.1637
MAX,1485_madelon,0.1593
MAX,1487_ozone-level-8hr,0.0596999999999999
MAX,1488_parkinsons,0.09065
MAX,1489_phoneme,0.066
MAX,1490_planning-relax,0.5
MAX,1494_qsar-biodeg,0.0648
MAX,1495_qualitative-bankruptcy,0.0361
MAX,1496_ringnorm,0.0518
MAX,1497_wall-robot-navigation,0.06185
MAX,1498_sa-heart,0.09985
MAX,14_mfeat-fourier,0.0007
MAX,1501_semeion,0.0228
MAX,1504_steel-plates-fault,0.00395
MAX,1506_thoracic-surgery,0.5
MAX,1507_twonorm,0.01085
MAX,1508_user-knowledge,0.02865
MAX,1510_wdbc,0.01475
MAX,1511_wholesale-customers,0.0455
MAX,1512_heart-long-beach,0.5
MAX,1519_robot-failures-lp4,0.0575
MAX,1520_robot-failures-lp5,0.1764
MAX,1523_vertebra-column,0.03625
MAX,1526_wall-robot-navigation,0.0743
MAX,1527_volcanoes-a1,0.0471
MAX,1528_volcanoes-a2,0.049
MAX,1529_volcanoes-a3,0.0588999999999999
MAX,1530_volcanoes-a4,0.04365
MAX,1535_volcanoes-b5,0.04125
MAX,1538_volcanoes-d1,0.5
MAX,1539_volcanoes-d2,0.5
MAX,1540_volcanoes-d3,0.0605
MAX,1541_volcanoes-d4,0.08045
MAX,1547_autoUniv-au1-1000,0.3281
MAX,1559_breast-tissue,0.28675
MAX,1565_heart-h,0.05715
MAX,1566_hill-valley,0.12895
MAX,1570_wilt,0.0437
MAX,1600_SPECTF,0.08425
MAX,16_mfeat-karhunen,0.01765
MAX,182_satimage,0.0116999999999999
MAX,187_wine,0.0301
MAX,18_mfeat-morphological,0.00695
MAX,20_mfeat-pixel,0.01615
MAX,22_mfeat-zernike,0.03685
MAX,23_cmc,0.10975
MAX,28_optdigits,0.01705
MAX,292_Australian,0.03105
MAX,294_satellite_image,0.01385
MAX,30_page-blocks,0.0313
MAX,311_oil_spill,0.04135
MAX,312_scene,0.01255
MAX,316_yeast_ml8,0.5
MAX,329_hayes-roth,0.09255
MAX,333_monks-problems-1,0.09135
MAX,334_monks-problems-2,0.5
MAX,335_monks-problems-3,0.01475
MAX,336_SPECT,0.1157
MAX,36_segment,0.0095
MAX,375_JapaneseVowels,0.01695
MAX,377_synthetic_control,0.0
MAX,37_diabetes,0.0915
MAX,40474_thyroid-allbp,0.0713
MAX,40475_thyroid-allhyper,0.0778
MAX,40496_LED-display-domain-7digit,0.1273
MAX,40733_yeast,0.09625
MAX,40877_seeds,0.03465
MAX,40_sonar,0.0635
MAX,43_haberman,0.16405
MAX,44_spambase,0.025
MAX,450_analcatdata_lawsuit,0.256
MAX,4538_GesturePhaseSegmentationProcessed,0.12365
MAX,458_analcatdata_authorship,0.00275
MAX,461_analcatdata_creditscore,0.02875
MAX,463_backache,0.5
MAX,464_prnn_synth,0.0581
MAX,48_tae,0.3069
MAX,53_heart-statlog,0.1051
MAX,54_vehicle,0.0281499999999999
MAX,59_ionosphere,0.0656
MAX,60_waveform-5000,0.03085
MAX,61_iris,0.0
MAX,679_rmftsa_sleepdata,0.5
MAX,694_diggle_table_a2,0.01515
MAX,AedesQuinx,0.04875
MAX,AedesSex,0.01145
MAX,anuranCalls,0.00875
MAX,ArabicDigit,0.01145
MAX,BNG,0.01925
MAX,click-prediction,0.01965
MAX,cmc,0.14565
MAX,covtype_reduced,0.1061999999999999
MAX,default_credit_card_clients,0.0696
MAX,eeg,0.08165
MAX,HTRU,0.22215
MAX,jm1-processed,0.1135999999999999
MAX,letter-recognition,0.10975
MAX,magic,0.0591
MAX,mozilla,0.0432
MAX,namao,0.0197
MAX,occupancy,0.008
MAX,phoneme,0.06355
MAX,spambase,0.02515
MAX,winetype,0.0054
MS,1043_ada_agnostic,0.0521999999999999
MS,1048_jEdit_4,0.1784
MS,1049_pc4,0.05595
MS,1050_pc3,0.5
MS,1054_mc2,0.093
MS,1056_mc1,0.16005
MS,1061_ar4,0.17365
MS,1065_kc3,0.5
MS,1066_kc1-binary,0.0649
MS,1068_pc1,0.5
MS,1069_pc2,0.49895
MS,1071_mw1,0.23855
MS,1073_jEdit_4,0.127
MS,1075_datatrieve,0.5
MS,1115_teachingAssistant,0.28385
MS,1121_badges2,0.0
MS,1167_pc1_req,0.15535
MS,11_balance-scale,0.02825
MS,12_mfeat-factors,0.0059499999999999
MS,1456_appendicitis,0.17995
MS,1460_banana,0.3043
MS,1462_banknote-authentication,0.00555
MS,1464_blood-transfusion-service-center,0.1442999999999999
MS,1465_breast-tissue,0.2969
MS,1466_cardiotocography,0.0
MS,1467_climate-model-simulation-crashes,0.5
MS,1473_fertility,0.5
MS,1475_first-order-theorem-proving,0.07735
MS,1479_hill-valley,0.0575
MS,1484_lsvt,0.09325
MS,1485_madelon,0.15915
MS,1487_ozone-level-8hr,0.11305
MS,1488_parkinsons,0.0474
MS,1489_phoneme,0.07475
MS,1490_planning-relax,0.5
MS,1494_qsar-biodeg,0.05625
MS,1495_qualitative-bankruptcy,0.036
MS,1496_ringnorm,0.0572
MS,1497_wall-robot-navigation,0.0494
MS,1498_sa-heart,0.07425
MS,14_mfeat-fourier,0.01005
MS,1501_semeion,0.04445
MS,1504_steel-plates-fault,0.0
MS,1506_thoracic-surgery,0.5
MS,1507_twonorm,0.00885
MS,1508_user-knowledge,0.0294
MS,1510_wdbc,0.01515
MS,1511_wholesale-customers,0.03065
MS,1512_heart-long-beach,0.5
MS,1519_robot-failures-lp4,0.0575
MS,1520_robot-failures-lp5,0.30265
MS,1523_vertebra-column,0.01665
MS,1526_wall-robot-navigation,0.0914
MS,1527_volcanoes-a1,0.05115
MS,1528_volcanoes-a2,0.044
MS,1529_volcanoes-a3,0.04145
MS,1530_volcanoes-a4,0.0501
MS,1535_volcanoes-b5,0.08865
MS,1538_volcanoes-d1,0.5
MS,1539_volcanoes-d2,0.5
MS,1540_volcanoes-d3,0.2506
MS,1541_volcanoes-d4,0.24745
MS,1547_autoUniv-au1-1000,0.5
MS,1559_breast-tissue,0.1644
MS,1565_heart-h,0.06955
MS,1566_hill-valley,0.089
MS,1570_wilt,0.0477
MS,1600_SPECTF,0.06775
MS,16_mfeat-karhunen,0.01625
MS,182_satimage,0.0103
MS,187_wine,0.01075
MS,18_mfeat-morphological,0.0065
MS,20_mfeat-pixel,0.01565
MS,22_mfeat-zernike,0.0371
MS,23_cmc,0.08745
MS,28_optdigits,0.01725
MS,292_Australian,0.04155
MS,294_satellite_image,0.0127
MS,30_page-blocks,0.06415
MS,311_oil_spill,0.18875
MS,312_scene,0.01355
MS,316_yeast_ml8,0.5
MS,329_hayes-roth,0.1318
MS,333_monks-problems-1,0.1156
MS,334_monks-problems-2,0.5
MS,335_monks-problems-3,0.1974
MS,336_SPECT,0.2042
MS,36_segment,0.0044
MS,375_JapaneseVowels,0.01935
MS,377_synthetic_control,0.00395
MS,37_diabetes,0.0736
MS,40474_thyroid-allbp,0.05355
MS,40475_thyroid-allhyper,0.06335
MS,40496_LED-display-domain-7digit,0.10175
MS,40733_yeast,0.2579
MS,40877_seeds,0.0233
MS,40_sonar,0.05305
MS,43_haberman,0.19955
MS,44_spambase,0.0217
MS,450_analcatdata_lawsuit,0.2398
MS,4538_GesturePhaseSegmentationProcessed,0.11895
MS,458_analcatdata_authorship,0.0035499999999999
MS,461_analcatdata_creditscore,0.0393
MS,463_backache,0.5
MS,464_prnn_synth,0.0358
MS,48_tae,0.3069
MS,53_heart-statlog,0.1259
MS,54_vehicle,0.0289999999999999
MS,59_ionosphere,0.0458
MS,60_waveform-5000,0.03095
MS,61_iris,0.0
MS,679_rmftsa_sleepdata,0.5
MS,694_diggle_table_a2,0.01595
MS,AedesQuinx,0.0399
MS,AedesSex,0.0112
MS,anuranCalls,0.00795
MS,ArabicDigit,0.00935
MS,BNG,0.02265
MS,click-prediction,0.01785
MS,cmc,0.4985
MS,covtype_reduced,0.0778
MS,default_credit_card_clients,0.0567999999999999
MS,eeg,0.09925
MS,HTRU,0.1722
MS,jm1-processed,0.1389
MS,letter-recognition,0.5
MS,magic,0.04905
MS,mozilla,0.0402
MS,namao,0.01895
MS,occupancy,0.00695
MS,phoneme,0.07655
MS,spambase,0.02085
MS,winetype,0.0051
MS2,1043_ada_agnostic,0.2264499999999999
MS2,1048_jEdit_4,0.3971
MS2,1049_pc4,0.26785
MS2,1050_pc3,0.5
MS2,1054_mc2,0.32905
MS2,1056_mc1,0.3111
MS2,1061_ar4,0.2723
MS2,1065_kc3,0.5
MS2,1066_kc1-binary,0.27685
MS2,1068_pc1,0.5
MS2,1069_pc2,0.2496
MS2,1071_mw1,0.2805999999999999
MS2,1073_jEdit_4,0.2999
MS2,1075_datatrieve,0.31705
MS2,1115_teachingAssistant,0.34945
MS2,1121_badges2,0.0
MS2,1167_pc1_req,0.45715
MS2,11_balance-scale,0.12925
MS2,12_mfeat-factors,0.00885
MS2,1456_appendicitis,0.1883
MS2,1460_banana,0.5
MS2,1462_banknote-authentication,0.0116999999999999
MS2,1464_blood-transfusion-service-center,0.3429
MS2,1465_breast-tissue,0.2998
MS2,1466_cardiotocography,0.0
MS2,1467_climate-model-simulation-crashes,0.5
MS2,1473_fertility,0.5
MS2,1475_first-order-theorem-proving,0.3278
MS2,1479_hill-valley,0.3509
MS2,1484_lsvt,0.301
MS2,1485_madelon,0.5
MS2,1487_ozone-level-8hr,0.2468499999999999
MS2,1488_parkinsons,0.3021999999999999
MS2,1489_phoneme,0.27605
MS2,1490_planning-relax,0.5
MS2,1494_qsar-biodeg,0.21865
MS2,1495_qualitative-bankruptcy,0.1006
MS2,1496_ringnorm,0.27105
MS2,1497_wall-robot-navigation,0.2788
MS2,1498_sa-heart,0.31905
MS2,14_mfeat-fourier,0.01155
MS2,1501_semeion,0.03325
MS2,1504_steel-plates-fault,0.0
MS2,1506_thoracic-surgery,0.5
MS2,1507_twonorm,0.0303
MS2,1508_user-knowledge,0.1555
MS2,1510_wdbc,0.0638
MS2,1511_wholesale-customers,0.13615
MS2,1512_heart-long-beach,0.5
MS2,1519_robot-failures-lp4,0.3077
MS2,1520_robot-failures-lp5,0.3454
MS2,1523_vertebra-column,0.044
MS2,1526_wall-robot-navigation,0.3159
MS2,1527_volcanoes-a1,0.25505
MS2,1528_volcanoes-a2,0.2208999999999999
MS2,1529_volcanoes-a3,0.2061499999999999
MS2,1530_volcanoes-a4,0.23725
MS2,1535_volcanoes-b5,0.27415
MS2,1538_volcanoes-d1,0.5
MS2,1539_volcanoes-d2,0.5
MS2,1540_volcanoes-d3,0.27635
MS2,1541_volcanoes-d4,0.2781
MS2,1547_autoUniv-au1-1000,0.5
MS2,1559_breast-tissue,0.45555
MS2,1565_heart-h,0.2011
MS2,1566_hill-valley,0.3632999999999999
MS2,1570_wilt,0.1649
MS2,1600_SPECTF,0.3157999999999999
MS2,16_mfeat-karhunen,0.0339
MS2,182_satimage,0.03085
MS2,187_wine,0.06905
MS2,18_mfeat-morphological,0.0086
MS2,20_mfeat-pixel,0.0204999999999999
MS2,22_mfeat-zernike,0.04375
MS2,23_cmc,0.3522999999999999
MS2,28_optdigits,0.05535
MS2,292_Australian,0.16765
MS2,294_satellite_image,0.0258499999999999
MS2,30_page-blocks,0.2353
MS2,311_oil_spill,0.3210499999999999
MS2,312_scene,0.04665
MS2,316_yeast_ml8,0.5
MS2,329_hayes-roth,0.34685
MS2,333_monks-problems-1,0.314
MS2,334_monks-problems-2,0.5
MS2,335_monks-problems-3,0.04205
MS2,336_SPECT,0.25915
MS2,36_segment,0.0103
MS2,375_JapaneseVowels,0.0767
MS2,377_synthetic_control,0.04815
MS2,37_diabetes,0.3142
MS2,40474_thyroid-allbp,0.2786
MS2,40475_thyroid-allhyper,0.27875
MS2,40496_LED-display-domain-7digit,0.2186499999999999
MS2,40733_yeast,0.3386
MS2,40877_seeds,0.05775
MS2,40_sonar,0.267
MS2,43_haberman,0.33615
MS2,44_spambase,0.1206
MS2,450_analcatdata_lawsuit,0.0948499999999999
MS2,4538_GesturePhaseSegmentationProcessed,0.34465
MS2,458_analcatdata_authorship,0.0103
MS2,461_analcatdata_creditscore,0.0774
MS2,463_backache,0.5
MS2,464_prnn_synth,0.20845
MS2,48_tae,0.422
MS2,53_heart-statlog,0.16605
MS2,54_vehicle,0.0435
MS2,59_ionosphere,0.17695
MS2,60_waveform-5000,0.16355
MS2,61_iris,0.0
MS2,679_rmftsa_sleepdata,0.5
MS2,694_diggle_table_a2,0.0382
MS2,AedesQuinx,0.2417
MS2,AedesSex,0.0281
MS2,anuranCalls,0.01925
MS2,ArabicDigit,0.03035
MS2,BNG,0.0923
MS2,click-prediction,0.0569
MS2,cmc,0.4988
MS2,covtype_reduced,0.356
MS2,default_credit_card_clients,0.28195
MS2,eeg,0.32535
MS2,HTRU,0.4861
MS2,jm1-processed,0.36455
MS2,letter-recognition,0.36695
MS2,magic,0.2752
MS2,mozilla,0.22535
MS2,namao,0.077
MS2,occupancy,0.01195
MS2,phoneme,0.28395
MS2,spambase,0.12045
MS2,winetype,0.01355
PACC,1043_ada_agnostic,0.0692499999999999
PACC,1048_jEdit_4,0.1721
PACC,1049_pc4,0.07915
PACC,1050_pc3,0.3779999999999999
PACC,1054_mc2,0.3455
PACC,1056_mc1,0.35215
PACC,1061_ar4,0.1609
PACC,1065_kc3,0.37835
PACC,1066_kc1-binary,0.22175
PACC,1068_pc1,0.43575
PACC,1069_pc2,0.3433
PACC,1071_mw1,0.17335
PACC,1073_jEdit_4,0.18795
PACC,1075_datatrieve,0.21975
PACC,1115_teachingAssistant,0.4992499999999999
PACC,1121_badges2,0.0209
PACC,1167_pc1_req,0.5
PACC,11_balance-scale,0.06105
PACC,12_mfeat-factors,0.0291
PACC,1456_appendicitis,0.17215
PACC,1460_banana,0.5
PACC,1462_banknote-authentication,0.0165
PACC,1464_blood-transfusion-service-center,0.5
PACC,1465_breast-tissue,0.48835
PACC,1466_cardiotocography,0.003
PACC,1467_climate-model-simulation-crashes,0.361
PACC,1473_fertility,0.3788499999999999
PACC,1475_first-order-theorem-proving,0.1727
PACC,1479_hill-valley,0.4239
PACC,1484_lsvt,0.1193999999999999
PACC,1485_madelon,0.1969
PACC,1487_ozone-level-8hr,0.08875
PACC,1488_parkinsons,0.19565
PACC,1489_phoneme,0.12925
PACC,1490_planning-relax,0.3151
PACC,1494_qsar-biodeg,0.0802
PACC,1495_qualitative-bankruptcy,0.0881499999999999
PACC,1496_ringnorm,0.1509
PACC,1497_wall-robot-navigation,0.1168999999999999
PACC,1498_sa-heart,0.2889
PACC,14_mfeat-fourier,0.03675
PACC,1501_semeion,0.02125
PACC,1504_steel-plates-fault,0.0029
PACC,1506_thoracic-surgery,0.386
PACC,1507_twonorm,0.0112
PACC,1508_user-knowledge,0.3148
PACC,1510_wdbc,0.0245
PACC,1511_wholesale-customers,0.087
PACC,1512_heart-long-beach,0.30655
PACC,1519_robot-failures-lp4,0.422
PACC,1520_robot-failures-lp5,0.2546
PACC,1523_vertebra-column,0.04545
PACC,1526_wall-robot-navigation,0.1422
PACC,1527_volcanoes-a1,0.0528
PACC,1528_volcanoes-a2,0.0533999999999999
PACC,1529_volcanoes-a3,0.0515
PACC,1530_volcanoes-a4,0.0682
PACC,1535_volcanoes-b5,0.06105
PACC,1538_volcanoes-d1,0.3969
PACC,1539_volcanoes-d2,0.37075
PACC,1540_volcanoes-d3,0.5
PACC,1541_volcanoes-d4,0.3795
PACC,1547_autoUniv-au1-1000,0.29795
PACC,1559_breast-tissue,0.24865
PACC,1565_heart-h,0.12915
PACC,1566_hill-valley,0.2181
PACC,1570_wilt,0.1483
PACC,1600_SPECTF,0.1389
PACC,16_mfeat-karhunen,0.04095
PACC,182_satimage,0.0115
PACC,187_wine,0.0416
PACC,18_mfeat-morphological,0.0302
PACC,20_mfeat-pixel,0.04495
PACC,22_mfeat-zernike,0.057
PACC,23_cmc,0.35105
PACC,28_optdigits,0.0194
PACC,292_Australian,0.11855
PACC,294_satellite_image,0.0173
PACC,30_page-blocks,0.06335
PACC,311_oil_spill,0.21205
PACC,312_scene,0.02035
PACC,316_yeast_ml8,0.4634
PACC,329_hayes-roth,0.1871
PACC,333_monks-problems-1,0.24125
PACC,334_monks-problems-2,0.28825
PACC,335_monks-problems-3,0.0788
PACC,336_SPECT,0.1682499999999999
PACC,36_segment,0.0157
PACC,375_JapaneseVowels,0.02115
PACC,377_synthetic_control,0.02085
PACC,37_diabetes,0.1822
PACC,40474_thyroid-allbp,0.1255
PACC,40475_thyroid-allhyper,0.1299
PACC,40496_LED-display-domain-7digit,0.10625
PACC,40733_yeast,0.48515
PACC,40877_seeds,0.0357
PACC,40_sonar,0.059
PACC,43_haberman,0.5
PACC,44_spambase,0.0907
PACC,450_analcatdata_lawsuit,0.2773
PACC,4538_GesturePhaseSegmentationProcessed,0.5
PACC,458_analcatdata_authorship,0.0196
PACC,461_analcatdata_creditscore,0.24275
PACC,463_backache,0.32755
PACC,464_prnn_synth,0.0857
PACC,48_tae,0.26115
PACC,53_heart-statlog,0.10505
PACC,54_vehicle,0.0293
PACC,59_ionosphere,0.0616
PACC,60_waveform-5000,0.15535
PACC,61_iris,0.04825
PACC,679_rmftsa_sleepdata,0.26285
PACC,694_diggle_table_a2,0.25695
PACC,AedesQuinx,0.0915499999999999
PACC,AedesSex,0.02095
PACC,anuranCalls,0.01245
PACC,ArabicDigit,0.0182
PACC,BNG,0.0236
PACC,click-prediction,0.0269499999999999
PACC,cmc,0.3547999999999999
PACC,covtype_reduced,0.34635
PACC,default_credit_card_clients,0.1103
PACC,eeg,0.43905
PACC,HTRU,0.5
PACC,jm1-processed,0.5
PACC,letter-recognition,0.3243
PACC,magic,0.128
PACC,mozilla,0.1323
PACC,namao,0.0264
PACC,occupancy,0.02745
PACC,phoneme,0.1285
PACC,spambase,0.0879
PACC,winetype,0.0074
PCC,1043_ada_agnostic,0.2022
PCC,1048_jEdit_4,0.2400499999999999
PCC,1049_pc4,0.2829
PCC,1050_pc3,0.3779999999999999
PCC,1054_mc2,0.24945
PCC,1056_mc1,0.4645
PCC,1061_ar4,0.3023
PCC,1065_kc3,0.37835
PCC,1066_kc1-binary,0.1843499999999999
PCC,1068_pc1,0.43575
PCC,1069_pc2,0.4905
PCC,1071_mw1,0.3901
PCC,1073_jEdit_4,0.2235
PCC,1075_datatrieve,0.39935
PCC,1115_teachingAssistant,0.26195
PCC,1121_badges2,0.0209
PCC,1167_pc1_req,0.2787
PCC,11_balance-scale,0.06305
PCC,12_mfeat-factors,0.03345
PCC,1456_appendicitis,0.2864
PCC,1460_banana,0.26495
PCC,1462_banknote-authentication,0.02035
PCC,1464_blood-transfusion-service-center,0.2916499999999999
PCC,1465_breast-tissue,0.2684499999999999
PCC,1466_cardiotocography,0.003
PCC,1467_climate-model-simulation-crashes,0.361
PCC,1473_fertility,0.3788499999999999
PCC,1475_first-order-theorem-proving,0.21675
PCC,1479_hill-valley,0.2014999999999999
PCC,1484_lsvt,0.1431
PCC,1485_madelon,0.25105
PCC,1487_ozone-level-8hr,0.3429999999999999
PCC,1488_parkinsons,0.2108
PCC,1489_phoneme,0.23125
PCC,1490_planning-relax,0.3151
PCC,1494_qsar-biodeg,0.14595
PCC,1495_qualitative-bankruptcy,0.08985
PCC,1496_ringnorm,0.1834
PCC,1497_wall-robot-navigation,0.1875
PCC,1498_sa-heart,0.2292
PCC,14_mfeat-fourier,0.03675
PCC,1501_semeion,0.06725
PCC,1504_steel-plates-fault,0.0029
PCC,1506_thoracic-surgery,0.386
PCC,1507_twonorm,0.01955
PCC,1508_user-knowledge,0.20795
PCC,1510_wdbc,0.0348
PCC,1511_wholesale-customers,0.1196499999999999
PCC,1512_heart-long-beach,0.30655
PCC,1519_robot-failures-lp4,0.2455
PCC,1520_robot-failures-lp5,0.29675
PCC,1523_vertebra-column,0.05965
PCC,1526_wall-robot-navigation,0.2209499999999999
PCC,1527_volcanoes-a1,0.20085
PCC,1528_volcanoes-a2,0.1873999999999999
PCC,1529_volcanoes-a3,0.2167
PCC,1530_volcanoes-a4,0.2046
PCC,1535_volcanoes-b5,0.3242
PCC,1538_volcanoes-d1,0.3969
PCC,1539_volcanoes-d2,0.37075
PCC,1540_volcanoes-d3,0.3775
PCC,1541_volcanoes-d4,0.3909
PCC,1547_autoUniv-au1-1000,0.29795
PCC,1559_breast-tissue,0.25725
PCC,1565_heart-h,0.1967
PCC,1566_hill-valley,0.2117
PCC,1570_wilt,0.3913
PCC,1600_SPECTF,0.27165
PCC,16_mfeat-karhunen,0.05895
PCC,182_satimage,0.02145
PCC,187_wine,0.0524
PCC,18_mfeat-morphological,0.03495
PCC,20_mfeat-pixel,0.04935
PCC,22_mfeat-zernike,0.06155
PCC,23_cmc,0.23295
PCC,28_optdigits,0.055
PCC,292_Australian,0.1235
PCC,294_satellite_image,0.02495
PCC,30_page-blocks,0.15755
PCC,311_oil_spill,0.27995
PCC,312_scene,0.04445
PCC,316_yeast_ml8,0.4634
PCC,329_hayes-roth,0.2317
PCC,333_monks-problems-1,0.22675
PCC,334_monks-problems-2,0.28825
PCC,335_monks-problems-3,0.09015
PCC,336_SPECT,0.26905
PCC,36_segment,0.01945
PCC,375_JapaneseVowels,0.06905
PCC,377_synthetic_control,0.02085
PCC,37_diabetes,0.1982
PCC,40474_thyroid-allbp,0.19115
PCC,40475_thyroid-allhyper,0.1948
PCC,40496_LED-display-domain-7digit,0.231
PCC,40733_yeast,0.2598499999999999
PCC,40877_seeds,0.06585
PCC,40_sonar,0.1581499999999999
PCC,43_haberman,0.2829
PCC,44_spambase,0.12135
PCC,450_analcatdata_lawsuit,0.30405
PCC,4538_GesturePhaseSegmentationProcessed,0.27085
PCC,458_analcatdata_authorship,0.0196
PCC,461_analcatdata_creditscore,0.1999
PCC,463_backache,0.32755
PCC,464_prnn_synth,0.1107
PCC,48_tae,0.2771
PCC,53_heart-statlog,0.16515
PCC,54_vehicle,0.0508
PCC,59_ionosphere,0.13595
PCC,60_waveform-5000,0.12765
PCC,61_iris,0.04825
PCC,679_rmftsa_sleepdata,0.26285
PCC,694_diggle_table_a2,0.2294
PCC,AedesQuinx,0.14785
PCC,AedesSex,0.02705
PCC,anuranCalls,0.01665
PCC,ArabicDigit,0.02315
PCC,BNG,0.0939
PCC,click-prediction,0.05195
PCC,cmc,0.3547999999999999
PCC,covtype_reduced,0.23235
PCC,default_credit_card_clients,0.18015
PCC,eeg,0.2901
PCC,HTRU,0.25525
PCC,jm1-processed,0.315
PCC,letter-recognition,0.3243
PCC,magic,0.1844
PCC,mozilla,0.178
PCC,namao,0.05775
PCC,occupancy,0.0258
PCC,phoneme,0.23115
PCC,spambase,0.1190499999999999
PCC,winetype,0.0105499999999999
SMM,1043_ada_agnostic,0.0507
SMM,1048_jEdit_4,0.12605
SMM,1049_pc4,0.0475999999999999
SMM,1050_pc3,0.0856499999999999
SMM,1054_mc2,0.0904
SMM,1056_mc1,0.12895
SMM,1061_ar4,0.17015
SMM,1065_kc3,0.0876
SMM,1066_kc1-binary,0.06755
SMM,1068_pc1,0.25135
SMM,1069_pc2,0.4090999999999999
SMM,1071_mw1,0.1449
SMM,1073_jEdit_4,0.12435
SMM,1075_datatrieve,0.38785
SMM,1115_teachingAssistant,0.18635
SMM,1121_badges2,0.02645
SMM,1167_pc1_req,0.16845
SMM,11_balance-scale,0.0385999999999999
SMM,12_mfeat-factors,0.0067
SMM,1456_appendicitis,0.18015
SMM,1460_banana,0.36835
SMM,1462_banknote-authentication,0.00645
SMM,1464_blood-transfusion-service-center,0.0765
SMM,1465_breast-tissue,0.06865
SMM,1466_cardiotocography,0.02275
SMM,1467_climate-model-simulation-crashes,0.17415
SMM,1473_fertility,0.3578
SMM,1475_first-order-theorem-proving,0.07755
SMM,1479_hill-valley,0.0599
SMM,1484_lsvt,0.1272
SMM,1485_madelon,0.14265
SMM,1487_ozone-level-8hr,0.0733999999999999
SMM,1488_parkinsons,0.0463499999999999
SMM,1489_phoneme,0.0582
SMM,1490_planning-relax,0.33135
SMM,1494_qsar-biodeg,0.054
SMM,1495_qualitative-bankruptcy,0.0369
SMM,1496_ringnorm,0.05835
SMM,1497_wall-robot-navigation,0.04955
SMM,1498_sa-heart,0.0739
SMM,14_mfeat-fourier,0.0161
SMM,1501_semeion,0.05405
SMM,1504_steel-plates-fault,0.003
SMM,1506_thoracic-surgery,0.44875
SMM,1507_twonorm,0.00925
SMM,1508_user-knowledge,0.06945
SMM,1510_wdbc,0.0175
SMM,1511_wholesale-customers,0.0275
SMM,1512_heart-long-beach,0.44585
SMM,1519_robot-failures-lp4,0.1134
SMM,1520_robot-failures-lp5,0.2485
SMM,1523_vertebra-column,0.0177
SMM,1526_wall-robot-navigation,0.0733
SMM,1527_volcanoes-a1,0.04975
SMM,1528_volcanoes-a2,0.0475
SMM,1529_volcanoes-a3,0.04015
SMM,1530_volcanoes-a4,0.0558
SMM,1535_volcanoes-b5,0.0774
SMM,1538_volcanoes-d1,0.06995
SMM,1539_volcanoes-d2,0.13175
SMM,1540_volcanoes-d3,0.0682
SMM,1541_volcanoes-d4,0.1107499999999999
SMM,1547_autoUniv-au1-1000,0.19875
SMM,1559_breast-tissue,0.21265
SMM,1565_heart-h,0.0711
SMM,1566_hill-valley,0.0948
SMM,1570_wilt,0.0391
SMM,1600_SPECTF,0.0783
SMM,16_mfeat-karhunen,0.01945
SMM,182_satimage,0.0116
SMM,187_wine,0.0168
SMM,18_mfeat-morphological,0.0114
SMM,20_mfeat-pixel,0.0151
SMM,22_mfeat-zernike,0.0395999999999999
SMM,23_cmc,0.0902
SMM,28_optdigits,0.0171
SMM,292_Australian,0.04545
SMM,294_satellite_image,0.0121
SMM,30_page-blocks,0.063
SMM,311_oil_spill,0.16185
SMM,312_scene,0.0141
SMM,316_yeast_ml8,0.1286
SMM,329_hayes-roth,0.10575
SMM,333_monks-problems-1,0.08545
SMM,334_monks-problems-2,0.44155
SMM,335_monks-problems-3,0.0567499999999999
SMM,336_SPECT,0.126
SMM,36_segment,0.0065
SMM,375_JapaneseVowels,0.019
SMM,377_synthetic_control,0.0226
SMM,37_diabetes,0.07675
SMM,40474_thyroid-allbp,0.0546
SMM,40475_thyroid-allhyper,0.06375
SMM,40496_LED-display-domain-7digit,0.06775
SMM,40733_yeast,0.1117
SMM,40877_seeds,0.02415
SMM,40_sonar,0.06275
SMM,43_haberman,0.15695
SMM,44_spambase,0.0220999999999999
SMM,450_analcatdata_lawsuit,0.1566
SMM,4538_GesturePhaseSegmentationProcessed,0.0951999999999999
SMM,458_analcatdata_authorship,0.00715
SMM,461_analcatdata_creditscore,0.05205
SMM,463_backache,0.5012
SMM,464_prnn_synth,0.0399
SMM,48_tae,0.3464
SMM,53_heart-statlog,0.1349
SMM,54_vehicle,0.0331
SMM,59_ionosphere,0.05195
SMM,60_waveform-5000,0.0335499999999999
SMM,61_iris,0.04095
SMM,679_rmftsa_sleepdata,0.1846
SMM,694_diggle_table_a2,0.02725
SMM,AedesQuinx,0.0404
SMM,AedesSex,0.01165
SMM,anuranCalls,0.00735
SMM,ArabicDigit,0.00955
SMM,BNG,0.0228
SMM,click-prediction,0.0175
SMM,cmc,0.1362
SMM,covtype_reduced,0.0777
SMM,default_credit_card_clients,0.05465
SMM,eeg,0.0809
SMM,HTRU,0.15835
SMM,jm1-processed,0.1118
SMM,letter-recognition,0.1074
SMM,magic,0.05
SMM,mozilla,0.0421999999999999
SMM,namao,0.0188
SMM,occupancy,0.0079
SMM,phoneme,0.06305
SMM,spambase,0.02305
SMM,winetype,0.006
SORD,1043_ada_agnostic,0.04745
SORD,1048_jEdit_4,0.12585
SORD,1049_pc4,0.04495
SORD,1050_pc3,0.08275
SORD,1054_mc2,0.0914
SORD,1056_mc1,0.1315
SORD,1061_ar4,0.1464
SORD,1065_kc3,0.0643
SORD,1066_kc1-binary,0.05355
SORD,1068_pc1,0.2173999999999999
SORD,1069_pc2,0.4868
SORD,1071_mw1,0.17525
SORD,1073_jEdit_4,0.13055
SORD,1075_datatrieve,0.48465
SORD,1115_teachingAssistant,0.16865
SORD,1121_badges2,0.0
SORD,1167_pc1_req,0.1576
SORD,11_balance-scale,0.0235
SORD,12_mfeat-factors,0.00605
SORD,1456_appendicitis,0.16325
SORD,1460_banana,0.1574499999999999
SORD,1462_banknote-authentication,0.0053
SORD,1464_blood-transfusion-service-center,0.0787
SORD,1465_breast-tissue,0.05885
SORD,1466_cardiotocography,0.0
SORD,1467_climate-model-simulation-crashes,0.48625
SORD,1473_fertility,0.5
SORD,1475_first-order-theorem-proving,0.07985
SORD,1479_hill-valley,0.0559999999999999
SORD,1484_lsvt,0.1297
SORD,1485_madelon,0.1413
SORD,1487_ozone-level-8hr,0.05565
SORD,1488_parkinsons,0.04945
SORD,1489_phoneme,0.0541
SORD,1490_planning-relax,0.5
SORD,1494_qsar-biodeg,0.0611
SORD,1495_qualitative-bankruptcy,0.03555
SORD,1496_ringnorm,0.05055
SORD,1497_wall-robot-navigation,0.0496999999999999
SORD,1498_sa-heart,0.06975
SORD,14_mfeat-fourier,0.0102
SORD,1501_semeion,0.0402
SORD,1504_steel-plates-fault,0.0
SORD,1506_thoracic-surgery,0.5
SORD,1507_twonorm,0.0087
SORD,1508_user-knowledge,0.03
SORD,1510_wdbc,0.01475
SORD,1511_wholesale-customers,0.0317
SORD,1512_heart-long-beach,0.47705
SORD,1519_robot-failures-lp4,0.1134999999999999
SORD,1520_robot-failures-lp5,0.20695
SORD,1523_vertebra-column,0.0163
SORD,1526_wall-robot-navigation,0.06935
SORD,1527_volcanoes-a1,0.05155
SORD,1528_volcanoes-a2,0.0384
SORD,1529_volcanoes-a3,0.0415
SORD,1530_volcanoes-a4,0.04335
SORD,1535_volcanoes-b5,0.0758
SORD,1538_volcanoes-d1,0.06315
SORD,1539_volcanoes-d2,0.10385
SORD,1540_volcanoes-d3,0.06055
SORD,1541_volcanoes-d4,0.0890499999999999
SORD,1547_autoUniv-au1-1000,0.19995
SORD,1559_breast-tissue,0.1730999999999999
SORD,1565_heart-h,0.06755
SORD,1566_hill-valley,0.08455
SORD,1570_wilt,0.03875
SORD,1600_SPECTF,0.07725
SORD,16_mfeat-karhunen,0.01585
SORD,182_satimage,0.01005
SORD,187_wine,0.0112
SORD,18_mfeat-morphological,0.00655
SORD,20_mfeat-pixel,0.01555
SORD,22_mfeat-zernike,0.0378
SORD,23_cmc,0.08995
SORD,28_optdigits,0.0177
SORD,292_Australian,0.0378
SORD,294_satellite_image,0.01235
SORD,30_page-blocks,0.05745
SORD,311_oil_spill,0.1406
SORD,312_scene,0.01325
SORD,316_yeast_ml8,0.10845
SORD,329_hayes-roth,0.11435
SORD,333_monks-problems-1,0.0755499999999999
SORD,334_monks-problems-2,0.0935
SORD,335_monks-problems-3,0.02325
SORD,336_SPECT,0.13065
SORD,36_segment,0.0049499999999999
SORD,375_JapaneseVowels,0.01775
SORD,377_synthetic_control,0.0021
SORD,37_diabetes,0.0829
SORD,40474_thyroid-allbp,0.0538499999999999
SORD,40475_thyroid-allhyper,0.063
SORD,40496_LED-display-domain-7digit,0.0788
SORD,40733_yeast,0.0932
SORD,40877_seeds,0.0219499999999999
SORD,40_sonar,0.05475
SORD,43_haberman,0.1534
SORD,44_spambase,0.02135
SORD,450_analcatdata_lawsuit,0.16585
SORD,4538_GesturePhaseSegmentationProcessed,0.09875
SORD,458_analcatdata_authorship,0.00315
SORD,461_analcatdata_creditscore,0.04125
SORD,463_backache,0.5
SORD,464_prnn_synth,0.03615
SORD,48_tae,0.3025
SORD,53_heart-statlog,0.12275
SORD,54_vehicle,0.0291
SORD,59_ionosphere,0.0535
SORD,60_waveform-5000,0.0304
SORD,61_iris,0.00015
SORD,679_rmftsa_sleepdata,0.11645
SORD,694_diggle_table_a2,0.0153
SORD,AedesQuinx,0.03955
SORD,AedesSex,0.01115
SORD,anuranCalls,0.0075
SORD,ArabicDigit,0.009
SORD,BNG,0.023
SORD,click-prediction,0.01775
SORD,cmc,0.1384
SORD,covtype_reduced,0.0804
SORD,default_credit_card_clients,0.05515
SORD,eeg,0.0802
SORD,HTRU,0.163
SORD,jm1-processed,0.1059
SORD,letter-recognition,0.09815
SORD,magic,0.05035
SORD,mozilla,0.04095
SORD,namao,0.01815
SORD,occupancy,0.00695
SORD,phoneme,0.05835
SORD,spambase,0.02075
SORD,winetype,0.00505
TOP1,1043_ada_agnostic,0.0397
TOP1,1048_jEdit_4,0.1409999999999999
TOP1,1049_pc4,0.0193499999999999
TOP1,1050_pc3,0.5
TOP1,1054_mc2,0.0383999999999999
TOP1,1056_mc1,0.1554499999999999
TOP1,1061_ar4,0.1617499999999999
TOP1,1065_kc3,0.5
TOP1,1066_kc1-binary,0.0472
TOP1,1068_pc1,0.5
TOP1,1069_pc2,0.49895
TOP1,1071_mw1,0.23645
TOP1,1073_jEdit_4,0.1088
TOP1,1075_datatrieve,0.5
TOP1,1115_teachingAssistant,0.28385
TOP1,1121_badges2,0.0
TOP1,1167_pc1_req,0.08255
TOP1,11_balance-scale,0.0265499999999999
TOP1,12_mfeat-factors,0.00335
TOP1,1456_appendicitis,0.1795499999999999
TOP1,1460_banana,0.3006
TOP1,1462_banknote-authentication,0.0033499999999999
TOP1,1464_blood-transfusion-service-center,0.1147999999999999
TOP1,1465_breast-tissue,0.2968999999999999
TOP1,1466_cardiotocography,0.0
TOP1,1467_climate-model-simulation-crashes,0.5
TOP1,1473_fertility,0.5
TOP1,1475_first-order-theorem-proving,0.03455
TOP1,1479_hill-valley,0.0225999999999999
TOP1,1484_lsvt,0.09295
TOP1,1485_madelon,0.06025
TOP1,1487_ozone-level-8hr,0.1055499999999999
TOP1,1488_parkinsons,0.0347999999999999
TOP1,1489_phoneme,0.04645
TOP1,1490_planning-relax,0.5
TOP1,1494_qsar-biodeg,0.05325
TOP1,1495_qualitative-bankruptcy,0.0333
TOP1,1496_ringnorm,0.0195999999999999
TOP1,1497_wall-robot-navigation,0.0196
TOP1,1498_sa-heart,0.04375
TOP1,14_mfeat-fourier,0.01005
TOP1,1501_semeion,0.0444499999999999
TOP1,1504_steel-plates-fault,0.0
TOP1,1506_thoracic-surgery,0.5
TOP1,1507_twonorm,0.0028499999999999
TOP1,1508_user-knowledge,0.013
TOP1,1510_wdbc,0.01335
TOP1,1511_wholesale-customers,0.02305
TOP1,1512_heart-long-beach,0.5
TOP1,1519_robot-failures-lp4,0.0218
TOP1,1520_robot-failures-lp5,0.26595
TOP1,1523_vertebra-column,0.0154499999999999
TOP1,1526_wall-robot-navigation,0.0576999999999999
TOP1,1527_volcanoes-a1,0.04385
TOP1,1528_volcanoes-a2,0.0322
TOP1,1529_volcanoes-a3,0.01635
TOP1,1530_volcanoes-a4,0.0375999999999999
TOP1,1535_volcanoes-b5,0.07745
TOP1,1538_volcanoes-d1,0.5
TOP1,1539_volcanoes-d2,0.5
TOP1,1540_volcanoes-d3,0.2473
TOP1,1541_volcanoes-d4,0.24225
TOP1,1547_autoUniv-au1-1000,0.5
TOP1,1559_breast-tissue,0.0672
TOP1,1565_heart-h,0.06675
TOP1,1566_hill-valley,0.0747
TOP1,1570_wilt,0.0282
TOP1,1600_SPECTF,0.0571499999999999
TOP1,16_mfeat-karhunen,0.01455
TOP1,182_satimage,0.0057999999999999
TOP1,187_wine,0.0066499999999999
TOP1,18_mfeat-morphological,0.004
TOP1,20_mfeat-pixel,0.01415
TOP1,22_mfeat-zernike,0.0364
TOP1,23_cmc,0.02805
TOP1,28_optdigits,0.0095499999999999
TOP1,292_Australian,0.0270499999999999
TOP1,294_satellite_image,0.0071999999999999
TOP1,30_page-blocks,0.05985
TOP1,311_oil_spill,0.18805
TOP1,312_scene,0.0083499999999999
TOP1,316_yeast_ml8,0.5
TOP1,329_hayes-roth,0.1153
TOP1,333_monks-problems-1,0.0696
TOP1,334_monks-problems-2,0.5
TOP1,335_monks-problems-3,0.1972999999999999
TOP1,336_SPECT,0.1949
TOP1,36_segment,0.0023999999999999
TOP1,375_JapaneseVowels,0.0099499999999999
TOP1,377_synthetic_control,0.0037499999999999
TOP1,37_diabetes,0.0516
TOP1,40474_thyroid-allbp,0.02455
TOP1,40475_thyroid-allhyper,0.03385
TOP1,40496_LED-display-domain-7digit,0.10055
TOP1,40733_yeast,0.2496999999999999
TOP1,40877_seeds,0.0219
TOP1,40_sonar,0.03985
TOP1,43_haberman,0.11975
TOP1,44_spambase,0.0091
TOP1,450_analcatdata_lawsuit,0.2398
TOP1,4538_GesturePhaseSegmentationProcessed,0.04115
TOP1,458_analcatdata_authorship,0.00325
TOP1,461_analcatdata_creditscore,0.0388999999999999
TOP1,463_backache,0.5
TOP1,464_prnn_synth,0.0259999999999999
TOP1,48_tae,0.3069
TOP1,53_heart-statlog,0.1258999999999999
TOP1,54_vehicle,0.0280999999999999
TOP1,59_ionosphere,0.0372
TOP1,60_waveform-5000,0.0123499999999999
TOP1,61_iris,0.0
TOP1,679_rmftsa_sleepdata,0.5
TOP1,694_diggle_table_a2,0.0095499999999999
TOP1,AedesQuinx,0.0153
TOP1,AedesSex,0.005
TOP1,anuranCalls,0.00655
TOP1,ArabicDigit,0.00345
TOP1,BNG,0.00465
TOP1,click-prediction,0.4985
TOP1,cmc,0.0264999999999999
TOP1,covtype_reduced,0.02
TOP1,default_credit_card_clients,0.06275
TOP1,eeg,0.0881
TOP1,HTRU,0.00965
TOP1,jm1-processed,0.0722
TOP1,letter-recognition,0.5
TOP1,magic,0.0166499999999999
TOP1,mozilla,0.0127
TOP1,namao,0.0065499999999999
TOP1,occupancy,0.00265
TOP1,phoneme,0.04895
TOP1,spambase,0.00835
TOP1,winetype,0.0032
TOP3+MEAN,1043_ada_agnostic,0.0360166666666666
TOP3+MEAN,1048_jEdit_4,0.06585
TOP3+MEAN,1049_pc4,0.0155666666666666
TOP3+MEAN,1050_pc3,0.2568166666666667
TOP3+MEAN,1054_mc2,0.12855
TOP3+MEAN,1056_mc1,0.1115999999999999
TOP3+MEAN,1061_ar4,0.092
TOP3+MEAN,1065_kc3,0.3468
TOP3+MEAN,1066_kc1-binary,0.0385166666666666
TOP3+MEAN,1068_pc1,0.4028333333333333
TOP3+MEAN,1069_pc2,0.3700166666666667
TOP3+MEAN,1071_mw1,0.0754833333333333
TOP3+MEAN,1073_jEdit_4,0.1128666666666666
TOP3+MEAN,1075_datatrieve,0.2867333333333333
TOP3+MEAN,1115_teachingAssistant,0.1213166666666666
TOP3+MEAN,1121_badges2,2.463307335887066e-17
TOP3+MEAN,1167_pc1_req,0.1125333333333333
TOP3+MEAN,11_balance-scale,0.0121333333333333
TOP3+MEAN,12_mfeat-factors,0.0041
TOP3+MEAN,1456_appendicitis,0.0917166666666666
TOP3+MEAN,1460_banana,0.1660166666666666
TOP3+MEAN,1462_banknote-authentication,0.0030166666666666
TOP3+MEAN,1464_blood-transfusion-service-center,0.0321333333333333
TOP3+MEAN,1465_breast-tissue,0.12005
TOP3+MEAN,1466_cardiotocography,2.463307335887066e-17
TOP3+MEAN,1467_climate-model-simulation-crashes,0.4954166666666666
TOP3+MEAN,1473_fertility,0.289
TOP3+MEAN,1475_first-order-theorem-proving,0.0393166666666666
TOP3+MEAN,1479_hill-valley,0.0273833333333333
TOP3+MEAN,1484_lsvt,0.1486
TOP3+MEAN,1485_madelon,0.0614833333333333
TOP3+MEAN,1487_ozone-level-8hr,0.06675
TOP3+MEAN,1488_parkinsons,0.08795
TOP3+MEAN,1489_phoneme,0.0268833333333333
TOP3+MEAN,1490_planning-relax,0.289
TOP3+MEAN,1494_qsar-biodeg,0.0655666666666667
TOP3+MEAN,1495_qualitative-bankruptcy,0.0362999999999999
TOP3+MEAN,1496_ringnorm,0.0239833333333333
TOP3+MEAN,1497_wall-robot-navigation,0.0188666666666666
TOP3+MEAN,1498_sa-heart,0.0358666666666666
TOP3+MEAN,14_mfeat-fourier,0.00665
TOP3+MEAN,1501_semeion,0.0345666666666666
TOP3+MEAN,1504_steel-plates-fault,0.0013166666666666
TOP3+MEAN,1506_thoracic-surgery,0.289
TOP3+MEAN,1507_twonorm,0.003
TOP3+MEAN,1508_user-knowledge,0.0281333333333333
TOP3+MEAN,1510_wdbc,0.0123166666666666
TOP3+MEAN,1511_wholesale-customers,0.0243666666666666
TOP3+MEAN,1512_heart-long-beach,0.28185
TOP3+MEAN,1519_robot-failures-lp4,0.0448666666666666
TOP3+MEAN,1520_robot-failures-lp5,0.2157166666666666
TOP3+MEAN,1523_vertebra-column,0.0201666666666666
TOP3+MEAN,1526_wall-robot-navigation,0.0349333333333333
TOP3+MEAN,1527_volcanoes-a1,0.0445666666666666
TOP3+MEAN,1528_volcanoes-a2,0.0156166666666666
TOP3+MEAN,1529_volcanoes-a3,0.0250666666666666
TOP3+MEAN,1530_volcanoes-a4,0.0287166666666666
TOP3+MEAN,1535_volcanoes-b5,0.0504166666666666
TOP3+MEAN,1538_volcanoes-d1,0.3365833333333333
TOP3+MEAN,1539_volcanoes-d2,0.3008166666666666
TOP3+MEAN,1540_volcanoes-d3,0.08995
TOP3+MEAN,1541_volcanoes-d4,0.1138499999999999
TOP3+MEAN,1547_autoUniv-au1-1000,0.1472
TOP3+MEAN,1559_breast-tissue,0.0941333333333333
TOP3+MEAN,1565_heart-h,0.0693333333333333
TOP3+MEAN,1566_hill-valley,0.0911666666666666
TOP3+MEAN,1570_wilt,0.0294999999999999
TOP3+MEAN,1600_SPECTF,0.0810999999999999
TOP3+MEAN,16_mfeat-karhunen,0.0148833333333333
TOP3+MEAN,182_satimage,0.0082166666666666
TOP3+MEAN,187_wine,0.0149833333333333
TOP3+MEAN,18_mfeat-morphological,0.00355
TOP3+MEAN,20_mfeat-pixel,0.0138166666666666
TOP3+MEAN,22_mfeat-zernike,0.0361166666666666
TOP3+MEAN,23_cmc,0.0280166666666666
TOP3+MEAN,28_optdigits,0.0102666666666666
TOP3+MEAN,292_Australian,0.0205333333333333
TOP3+MEAN,294_satellite_image,0.0064666666666666
TOP3+MEAN,30_page-blocks,0.0428333333333333
TOP3+MEAN,311_oil_spill,0.1048333333333333
TOP3+MEAN,312_scene,0.0072999999999999
TOP3+MEAN,316_yeast_ml8,0.3102166666666667
TOP3+MEAN,329_hayes-roth,0.11485
TOP3+MEAN,333_monks-problems-1,0.06475
TOP3+MEAN,334_monks-problems-2,0.1906333333333333
TOP3+MEAN,335_monks-problems-3,0.0726666666666666
TOP3+MEAN,336_SPECT,0.1226333333333333
TOP3+MEAN,36_segment,0.0027333333333333
TOP3+MEAN,375_JapaneseVowels,0.0090833333333333
TOP3+MEAN,377_synthetic_control,0.0019166666666666
TOP3+MEAN,37_diabetes,0.0544333333333333
TOP3+MEAN,40474_thyroid-allbp,0.02265
TOP3+MEAN,40475_thyroid-allhyper,0.0348166666666666
TOP3+MEAN,40496_LED-display-domain-7digit,0.1064
TOP3+MEAN,40733_yeast,0.1111
TOP3+MEAN,40877_seeds,0.0229666666666666
TOP3+MEAN,40_sonar,0.0408666666666666
TOP3+MEAN,43_haberman,0.11385
TOP3+MEAN,44_spambase,0.0087
TOP3+MEAN,450_analcatdata_lawsuit,0.2205166666666667
TOP3+MEAN,4538_GesturePhaseSegmentationProcessed,0.0480166666666666
TOP3+MEAN,458_analcatdata_authorship,0.00145
TOP3+MEAN,461_analcatdata_creditscore,0.0800333333333333
TOP3+MEAN,463_backache,0.289
TOP3+MEAN,464_prnn_synth,0.0291499999999999
TOP3+MEAN,48_tae,0.3054333333333333
TOP3+MEAN,53_heart-statlog,0.1116833333333333
TOP3+MEAN,54_vehicle,0.0321999999999999
TOP3+MEAN,59_ionosphere,0.0547999999999999
TOP3+MEAN,60_waveform-5000,0.0125666666666666
TOP3+MEAN,61_iris,5.000000000002294e-05
TOP3+MEAN,679_rmftsa_sleepdata,0.1794166666666667
TOP3+MEAN,694_diggle_table_a2,0.0201166666666666
TOP3+MEAN,AedesQuinx,0.01505
TOP3+MEAN,AedesSex,0.0049333333333333
TOP3+MEAN,anuranCalls,0.0066666666666666
TOP3+MEAN,ArabicDigit,0.0033333333333333
TOP3+MEAN,BNG,0.0046666666666666
TOP3+MEAN,click-prediction,0.1743333333333333
TOP3+MEAN,cmc,0.0283833333333333
TOP3+MEAN,covtype_reduced,0.0234666666666666
TOP3+MEAN,default_credit_card_clients,0.0406
TOP3+MEAN,eeg,0.07385
TOP3+MEAN,HTRU,0.0075499999999999
TOP3+MEAN,jm1-processed,0.0597666666666666
TOP3+MEAN,letter-recognition,0.1571666666666666
TOP3+MEAN,magic,0.0184999999999999
TOP3+MEAN,mozilla,0.0159999999999999
TOP3+MEAN,namao,0.0062
TOP3+MEAN,occupancy,0.0027166666666666
TOP3+MEAN,phoneme,0.0266333333333333
TOP3+MEAN,spambase,0.00755
TOP3+MEAN,winetype,0.0028999999999999
TOP3+MEDIAN,1043_ada_agnostic,0.03545
TOP3+MEDIAN,1048_jEdit_4,0.06075
TOP3+MEDIAN,1049_pc4,0.014
TOP3+MEDIAN,1050_pc3,0.2589999999999999
TOP3+MEDIAN,1054_mc2,0.0383999999999999
TOP3+MEDIAN,1056_mc1,0.1245999999999999
TOP3+MEDIAN,1061_ar4,0.1339499999999999
TOP3+MEDIAN,1065_kc3,0.5
TOP3+MEDIAN,1066_kc1-binary,0.0332999999999999
TOP3+MEDIAN,1068_pc1,0.5
TOP3+MEDIAN,1069_pc2,0.4866
TOP3+MEDIAN,1071_mw1,0.1718999999999999
TOP3+MEDIAN,1073_jEdit_4,0.1106999999999999
TOP3+MEDIAN,1075_datatrieve,0.4802999999999999
TOP3+MEDIAN,1115_teachingAssistant,0.1619499999999999
TOP3+MEDIAN,1121_badges2,0.0
TOP3+MEDIAN,1167_pc1_req,0.08365
TOP3+MEDIAN,11_balance-scale,0.02155
TOP3+MEDIAN,12_mfeat-factors,0.0033
TOP3+MEDIAN,1456_appendicitis,0.16165
TOP3+MEDIAN,1460_banana,0.15575
TOP3+MEDIAN,1462_banknote-authentication,0.0030999999999999
TOP3+MEDIAN,1464_blood-transfusion-service-center,0.0295999999999999
TOP3+MEDIAN,1465_breast-tissue,0.0937499999999999
TOP3+MEDIAN,1466_cardiotocography,0.0
TOP3+MEDIAN,1467_climate-model-simulation-crashes,0.5
TOP3+MEDIAN,1473_fertility,0.5
TOP3+MEDIAN,1475_first-order-theorem-proving,0.0378
TOP3+MEDIAN,1479_hill-valley,0.02235
TOP3+MEDIAN,1484_lsvt,0.1296999999999999
TOP3+MEDIAN,1485_madelon,0.0672
TOP3+MEDIAN,1487_ozone-level-8hr,0.053
TOP3+MEDIAN,1488_parkinsons,0.0347999999999999
TOP3+MEDIAN,1489_phoneme,0.0258
TOP3+MEDIAN,1490_planning-relax,0.5
TOP3+MEDIAN,1494_qsar-biodeg,0.0591
TOP3+MEDIAN,1495_qualitative-bankruptcy,0.03295
TOP3+MEDIAN,1496_ringnorm,0.02105
TOP3+MEDIAN,1497_wall-robot-navigation,0.0182499999999999
TOP3+MEDIAN,1498_sa-heart,0.03685
TOP3+MEDIAN,14_mfeat-fourier,0.01005
TOP3+MEDIAN,1501_semeion,0.04035
TOP3+MEDIAN,1504_steel-plates-fault,0.0
TOP3+MEDIAN,1506_thoracic-surgery,0.5
TOP3+MEDIAN,1507_twonorm,0.0026499999999999
TOP3+MEDIAN,1508_user-knowledge,0.0131
TOP3+MEDIAN,1510_wdbc,0.01295
TOP3+MEDIAN,1511_wholesale-customers,0.0241
TOP3+MEDIAN,1512_heart-long-beach,0.47705
TOP3+MEDIAN,1519_robot-failures-lp4,0.0218
TOP3+MEDIAN,1520_robot-failures-lp5,0.1993
TOP3+MEDIAN,1523_vertebra-column,0.0156
TOP3+MEDIAN,1526_wall-robot-navigation,0.0326499999999999
TOP3+MEDIAN,1527_volcanoes-a1,0.0452999999999999
TOP3+MEDIAN,1528_volcanoes-a2,0.0188999999999999
TOP3+MEDIAN,1529_volcanoes-a3,0.0244
TOP3+MEDIAN,1530_volcanoes-a4,0.0281
TOP3+MEDIAN,1535_volcanoes-b5,0.0661999999999999
TOP3+MEDIAN,1538_volcanoes-d1,0.5
TOP3+MEDIAN,1539_volcanoes-d2,0.5
TOP3+MEDIAN,1540_volcanoes-d3,0.0245499999999999
TOP3+MEDIAN,1541_volcanoes-d4,0.07365
TOP3+MEDIAN,1547_autoUniv-au1-1000,0.13885
TOP3+MEDIAN,1559_breast-tissue,0.06795
TOP3+MEDIAN,1565_heart-h,0.06645
TOP3+MEDIAN,1566_hill-valley,0.0748
TOP3+MEDIAN,1570_wilt,0.0313999999999999
TOP3+MEDIAN,1600_SPECTF,0.07515
TOP3+MEDIAN,16_mfeat-karhunen,0.01455
TOP3+MEDIAN,182_satimage,0.0060999999999999
TOP3+MEDIAN,187_wine,0.00895
TOP3+MEDIAN,18_mfeat-morphological,0.00285
TOP3+MEDIAN,20_mfeat-pixel,0.0136999999999999
TOP3+MEDIAN,22_mfeat-zernike,0.03625
TOP3+MEDIAN,23_cmc,0.0284499999999999
TOP3+MEDIAN,28_optdigits,0.0101999999999999
TOP3+MEDIAN,292_Australian,0.0228
TOP3+MEDIAN,294_satellite_image,0.0067999999999999
TOP3+MEDIAN,30_page-blocks,0.0530999999999999
TOP3+MEDIAN,311_oil_spill,0.1399
TOP3+MEDIAN,312_scene,0.0081999999999999
TOP3+MEDIAN,316_yeast_ml8,0.5
TOP3+MEDIAN,329_hayes-roth,0.123
TOP3+MEDIAN,333_monks-problems-1,0.0722999999999999
TOP3+MEDIAN,334_monks-problems-2,0.0553999999999999
TOP3+MEDIAN,335_monks-problems-3,0.01475
TOP3+MEDIAN,336_SPECT,0.1127499999999999
TOP3+MEDIAN,36_segment,0.0026499999999999
TOP3+MEDIAN,375_JapaneseVowels,0.0093
TOP3+MEDIAN,377_synthetic_control,0.0017499999999999
TOP3+MEDIAN,37_diabetes,0.0553
TOP3+MEDIAN,40474_thyroid-allbp,0.02115
TOP3+MEDIAN,40475_thyroid-allhyper,0.0325
TOP3+MEDIAN,40496_LED-display-domain-7digit,0.10075
TOP3+MEDIAN,40733_yeast,0.056
TOP3+MEDIAN,40877_seeds,0.0217
TOP3+MEDIAN,40_sonar,0.04065
TOP3+MEDIAN,43_haberman,0.11595
TOP3+MEDIAN,44_spambase,0.0088999999999999
TOP3+MEDIAN,450_analcatdata_lawsuit,0.2371
TOP3+MEDIAN,4538_GesturePhaseSegmentationProcessed,0.044
TOP3+MEDIAN,458_analcatdata_authorship,0.0027
TOP3+MEDIAN,461_analcatdata_creditscore,0.0410999999999999
TOP3+MEDIAN,463_backache,0.5
TOP3+MEDIAN,464_prnn_synth,0.0295499999999999
TOP3+MEDIAN,48_tae,0.3069
TOP3+MEDIAN,53_heart-statlog,0.1224499999999999
TOP3+MEDIAN,54_vehicle,0.0285999999999999
TOP3+MEDIAN,59_ionosphere,0.0478499999999999
TOP3+MEDIAN,60_waveform-5000,0.01185
TOP3+MEDIAN,61_iris,0.0
TOP3+MEDIAN,679_rmftsa_sleepdata,0.04465
TOP3+MEDIAN,694_diggle_table_a2,0.0094999999999999
TOP3+MEDIAN,AedesQuinx,0.01435
TOP3+MEDIAN,AedesSex,0.00485
TOP3+MEDIAN,anuranCalls,0.0067
TOP3+MEDIAN,ArabicDigit,0.00285
TOP3+MEDIAN,BNG,0.0045999999999999
TOP3+MEDIAN,click-prediction,0.0586
TOP3+MEDIAN,cmc,0.0274
TOP3+MEDIAN,covtype_reduced,0.02065
TOP3+MEDIAN,default_credit_card_clients,0.0348499999999999
TOP3+MEDIAN,eeg,0.071
TOP3+MEDIAN,HTRU,0.0095
TOP3+MEDIAN,jm1-processed,0.0611
TOP3+MEDIAN,letter-recognition,0.0325499999999999
TOP3+MEDIAN,magic,0.0180999999999999
TOP3+MEDIAN,mozilla,0.0165499999999999
TOP3+MEDIAN,namao,0.0065499999999999
TOP3+MEDIAN,occupancy,0.00245
TOP3+MEDIAN,phoneme,0.02275
TOP3+MEDIAN,spambase,0.00785
TOP3+MEDIAN,winetype,0.0029999999999999
TOP3+WEIGHTED,1043_ada_agnostic,0.0352951567708215
TOP3+WEIGHTED,1048_jEdit_4,0.0709825091022026
TOP3+WEIGHTED,1049_pc4,0.016605136324705
TOP3+WEIGHTED,1050_pc3,0.0986865820136137
TOP3+WEIGHTED,1054_mc2,0.0485180426407394
TOP3+WEIGHTED,1056_mc1,0.0741579426157382
TOP3+WEIGHTED,1061_ar4,0.1365499407219569
TOP3+WEIGHTED,1065_kc3,0.3489278849901159
TOP3+WEIGHTED,1066_kc1-binary,0.0212744721930569
TOP3+WEIGHTED,1068_pc1,0.3114589730058116
TOP3+WEIGHTED,1069_pc2,0.4526518986482467
TOP3+WEIGHTED,1071_mw1,0.1929171881807852
TOP3+WEIGHTED,1073_jEdit_4,0.1076603556443744
TOP3+WEIGHTED,1075_datatrieve,0.3136420840559032
TOP3+WEIGHTED,1115_teachingAssistant,0.1350257745305336
TOP3+WEIGHTED,1121_badges2,5.4470317145671734e-17
TOP3+WEIGHTED,1167_pc1_req,0.1708838243762355
TOP3+WEIGHTED,11_balance-scale,0.0060762786953848
TOP3+WEIGHTED,12_mfeat-factors,0.0048255625838163
TOP3+WEIGHTED,1456_appendicitis,0.1531751157290857
TOP3+WEIGHTED,1460_banana,0.1413285010232989
TOP3+WEIGHTED,1462_banknote-authentication,0.0038568760022088
TOP3+WEIGHTED,1464_blood-transfusion-service-center,0.026501687846371
TOP3+WEIGHTED,1465_breast-tissue,0.1586515936063807
TOP3+WEIGHTED,1466_cardiotocography,3.4694469519536136e-17
TOP3+WEIGHTED,1467_climate-model-simulation-crashes,0.2952474768837447
TOP3+WEIGHTED,1473_fertility,0.4144425653607948
TOP3+WEIGHTED,1475_first-order-theorem-proving,0.0359653690269166
TOP3+WEIGHTED,1479_hill-valley,0.0203531804997432
TOP3+WEIGHTED,1484_lsvt,0.141617206297506
TOP3+WEIGHTED,1485_madelon,0.0532097484316113
TOP3+WEIGHTED,1487_ozone-level-8hr,0.0494965554674754
TOP3+WEIGHTED,1488_parkinsons,0.1185125993910628
TOP3+WEIGHTED,1489_phoneme,0.0213440661356733
TOP3+WEIGHTED,1490_planning-relax,0.4293991414928094
TOP3+WEIGHTED,1494_qsar-biodeg,0.0523725082096207
TOP3+WEIGHTED,1495_qualitative-bankruptcy,0.0277504641069398
TOP3+WEIGHTED,1496_ringnorm,0.0176445010145286
TOP3+WEIGHTED,1497_wall-robot-navigation,0.0185879150486795
TOP3+WEIGHTED,1498_sa-heart,0.0396078658591241
TOP3+WEIGHTED,14_mfeat-fourier,0.0116890963117896
TOP3+WEIGHTED,1501_semeion,0.0318249425952331
TOP3+WEIGHTED,1504_steel-plates-fault,0.0010777797734582
TOP3+WEIGHTED,1506_thoracic-surgery,0.2863012879640034
TOP3+WEIGHTED,1507_twonorm,0.0028525586848573
TOP3+WEIGHTED,1508_user-knowledge,0.0157946810435166
TOP3+WEIGHTED,1510_wdbc,0.0059855994771384
TOP3+WEIGHTED,1511_wholesale-customers,0.0268184933262364
TOP3+WEIGHTED,1512_heart-long-beach,0.2838617233824965
TOP3+WEIGHTED,1519_robot-failures-lp4,0.0473783633317806
TOP3+WEIGHTED,1520_robot-failures-lp5,0.2140271263215842
TOP3+WEIGHTED,1523_vertebra-column,0.0063771203323729
TOP3+WEIGHTED,1526_wall-robot-navigation,0.0359200937381892
TOP3+WEIGHTED,1527_volcanoes-a1,0.0370557645143558
TOP3+WEIGHTED,1528_volcanoes-a2,0.0145819270009157
TOP3+WEIGHTED,1529_volcanoes-a3,0.031041854245893
TOP3+WEIGHTED,1530_volcanoes-a4,0.0367149843166457
TOP3+WEIGHTED,1535_volcanoes-b5,0.0526508333812107
TOP3+WEIGHTED,1538_volcanoes-d1,0.0883739320242518
TOP3+WEIGHTED,1539_volcanoes-d2,0.0438064471589692
TOP3+WEIGHTED,1540_volcanoes-d3,0.0249729291631787
TOP3+WEIGHTED,1541_volcanoes-d4,0.0962858344421005
TOP3+WEIGHTED,1547_autoUniv-au1-1000,0.204558366143481
TOP3+WEIGHTED,1559_breast-tissue,0.1146390138763879
TOP3+WEIGHTED,1565_heart-h,0.0666296102226314
TOP3+WEIGHTED,1566_hill-valley,0.0822290599338845
TOP3+WEIGHTED,1570_wilt,0.0309537754148859
TOP3+WEIGHTED,1600_SPECTF,0.0647822676625316
TOP3+WEIGHTED,16_mfeat-karhunen,0.0161461870742153
TOP3+WEIGHTED,182_satimage,0.0082845879201359
TOP3+WEIGHTED,187_wine,0.0139326340555149
TOP3+WEIGHTED,18_mfeat-morphological,0.0029007402059021
TOP3+WEIGHTED,20_mfeat-pixel,0.0139367394198466
TOP3+WEIGHTED,22_mfeat-zernike,0.0401785209306798
TOP3+WEIGHTED,23_cmc,0.0574154212949219
TOP3+WEIGHTED,28_optdigits,0.0126104975682786
TOP3+WEIGHTED,292_Australian,0.0139716596897857
TOP3+WEIGHTED,294_satellite_image,0.0068672634132555
TOP3+WEIGHTED,30_page-blocks,0.043104851643317
TOP3+WEIGHTED,311_oil_spill,0.0505032088279619
TOP3+WEIGHTED,312_scene,0.0072149446400908
TOP3+WEIGHTED,316_yeast_ml8,0.3170058739753332
TOP3+WEIGHTED,329_hayes-roth,0.0821327201122558
TOP3+WEIGHTED,333_monks-problems-1,0.0369895711644167
TOP3+WEIGHTED,334_monks-problems-2,0.3161696162233534
TOP3+WEIGHTED,335_monks-problems-3,0.0820847054313478
TOP3+WEIGHTED,336_SPECT,0.1382167713065613
TOP3+WEIGHTED,36_segment,0.0027060399169989
TOP3+WEIGHTED,375_JapaneseVowels,0.0083717750730684
TOP3+WEIGHTED,377_synthetic_control,0.0007067651324489
TOP3+WEIGHTED,37_diabetes,0.0526740253673273
TOP3+WEIGHTED,40474_thyroid-allbp,0.0226153276343465
TOP3+WEIGHTED,40475_thyroid-allhyper,0.0334418852139784
TOP3+WEIGHTED,40496_LED-display-domain-7digit,0.0998602452047744
TOP3+WEIGHTED,40733_yeast,0.0658208669233005
TOP3+WEIGHTED,40877_seeds,0.0238405941102291
TOP3+WEIGHTED,40_sonar,0.0431168465760853
TOP3+WEIGHTED,43_haberman,0.1023069089136562
TOP3+WEIGHTED,44_spambase,0.0076713989997794
TOP3+WEIGHTED,450_analcatdata_lawsuit,0.1967340972365184
TOP3+WEIGHTED,4538_GesturePhaseSegmentationProcessed,0.0478323823718699
TOP3+WEIGHTED,458_analcatdata_authorship,0.0030876128556001
TOP3+WEIGHTED,461_analcatdata_creditscore,0.0393464480619987
TOP3+WEIGHTED,463_backache,0.2963624511025241
TOP3+WEIGHTED,464_prnn_synth,0.0394634864846165
TOP3+WEIGHTED,48_tae,0.2791641336222698
TOP3+WEIGHTED,53_heart-statlog,0.1331091739559536
TOP3+WEIGHTED,54_vehicle,0.0156022429290637
TOP3+WEIGHTED,59_ionosphere,0.0662950006612351
TOP3+WEIGHTED,60_waveform-5000,0.0125004219405336
TOP3+WEIGHTED,61_iris,5.19012706984661e-05
TOP3+WEIGHTED,679_rmftsa_sleepdata,0.1886240022248163
TOP3+WEIGHTED,694_diggle_table_a2,0.0540982559010857
TOP3+WEIGHTED,AedesQuinx,0.0132713870990898
TOP3+WEIGHTED,AedesSex,0.00480802813339
TOP3+WEIGHTED,anuranCalls,0.0074315735763347
TOP3+WEIGHTED,ArabicDigit,0.0049104069114857
TOP3+WEIGHTED,BNG,0.0048512917036565
TOP3+WEIGHTED,click-prediction,0.0549196322853957
TOP3+WEIGHTED,cmc,0.0327279776538385
TOP3+WEIGHTED,covtype_reduced,0.0230964332730088
TOP3+WEIGHTED,default_credit_card_clients,0.0639019736111715
TOP3+WEIGHTED,eeg,0.0628559733263855
TOP3+WEIGHTED,HTRU,0.009339144813636
TOP3+WEIGHTED,jm1-processed,0.0563304974596849
TOP3+WEIGHTED,letter-recognition,0.1186516455888869
TOP3+WEIGHTED,magic,0.0193957589481182
TOP3+WEIGHTED,mozilla,0.0150215199127554
TOP3+WEIGHTED,namao,0.0065140369377067
TOP3+WEIGHTED,occupancy,0.0029297337851518
TOP3+WEIGHTED,phoneme,0.0231475355154112
TOP3+WEIGHTED,spambase,0.0081377097823536
TOP3+WEIGHTED,winetype,0.0029133399422625
TOP5+MEAN,1043_ada_agnostic,0.0340899999999999
TOP5+MEAN,1048_jEdit_4,0.11748
TOP5+MEAN,1049_pc4,0.0196999999999999
TOP5+MEAN,1050_pc3,0.30489
TOP5+MEAN,1054_mc2,0.0440599999999999
TOP5+MEAN,1056_mc1,0.0852799999999999
TOP5+MEAN,1061_ar4,0.1031099999999999
TOP5+MEAN,1065_kc3,0.4080800000000001
TOP5+MEAN,1066_kc1-binary,0.0285999999999999
TOP5+MEAN,1068_pc1,0.4417
TOP5+MEAN,1069_pc2,0.34487
TOP5+MEAN,1071_mw1,0.1058999999999999
TOP5+MEAN,1073_jEdit_4,0.13185
TOP5+MEAN,1075_datatrieve,0.2646400000000001
TOP5+MEAN,1115_teachingAssistant,0.14301
TOP5+MEAN,1121_badges2,0.0
TOP5+MEAN,1167_pc1_req,0.08788
TOP5+MEAN,11_balance-scale,0.0113399999999999
TOP5+MEAN,12_mfeat-factors,0.00373
TOP5+MEAN,1456_appendicitis,0.1297499999999999
TOP5+MEAN,1460_banana,0.1324
TOP5+MEAN,1462_banknote-authentication,0.0030999999999999
TOP5+MEAN,1464_blood-transfusion-service-center,0.0429999999999999
TOP5+MEAN,1465_breast-tissue,0.1003299999999999
TOP5+MEAN,1466_cardiotocography,0.0
TOP5+MEAN,1467_climate-model-simulation-crashes,0.49725
TOP5+MEAN,1473_fertility,0.2719999999999999
TOP5+MEAN,1475_first-order-theorem-proving,0.03874
TOP5+MEAN,1479_hill-valley,0.03243
TOP5+MEAN,1484_lsvt,0.13815
TOP5+MEAN,1485_madelon,0.0664299999999999
TOP5+MEAN,1487_ozone-level-8hr,0.0944699999999999
TOP5+MEAN,1488_parkinsons,0.0567399999999999
TOP5+MEAN,1489_phoneme,0.0299499999999999
TOP5+MEAN,1490_planning-relax,0.272
TOP5+MEAN,1494_qsar-biodeg,0.0658599999999999
TOP5+MEAN,1495_qualitative-bankruptcy,0.03546
TOP5+MEAN,1496_ringnorm,0.0253999999999999
TOP5+MEAN,1497_wall-robot-navigation,0.0200699999999999
TOP5+MEAN,1498_sa-heart,0.0409099999999999
TOP5+MEAN,14_mfeat-fourier,0.00588
TOP5+MEAN,1501_semeion,0.0338899999999999
TOP5+MEAN,1504_steel-plates-fault,0.0015799999999999
TOP5+MEAN,1506_thoracic-surgery,0.2719999999999999
TOP5+MEAN,1507_twonorm,0.00362
TOP5+MEAN,1508_user-knowledge,0.01876
TOP5+MEAN,1510_wdbc,0.01138
TOP5+MEAN,1511_wholesale-customers,0.03153
TOP5+MEAN,1512_heart-long-beach,0.26771
TOP5+MEAN,1519_robot-failures-lp4,0.0335599999999999
TOP5+MEAN,1520_robot-failures-lp5,0.15948
TOP5+MEAN,1523_vertebra-column,0.0184699999999999
TOP5+MEAN,1526_wall-robot-navigation,0.0281699999999999
TOP5+MEAN,1527_volcanoes-a1,0.03726
TOP5+MEAN,1528_volcanoes-a2,0.0140099999999999
TOP5+MEAN,1529_volcanoes-a3,0.02857
TOP5+MEAN,1530_volcanoes-a4,0.0276999999999999
TOP5+MEAN,1535_volcanoes-b5,0.0486099999999999
TOP5+MEAN,1538_volcanoes-d1,0.40195
TOP5+MEAN,1539_volcanoes-d2,0.38049
TOP5+MEAN,1540_volcanoes-d3,0.08503
TOP5+MEAN,1541_volcanoes-d4,0.1419699999999999
TOP5+MEAN,1547_autoUniv-au1-1000,0.17184
TOP5+MEAN,1559_breast-tissue,0.10382
TOP5+MEAN,1565_heart-h,0.05614
TOP5+MEAN,1566_hill-valley,0.10604
TOP5+MEAN,1570_wilt,0.0351699999999999
TOP5+MEAN,1600_SPECTF,0.0660599999999999
TOP5+MEAN,16_mfeat-karhunen,0.0138
TOP5+MEAN,182_satimage,0.0068599999999999
TOP5+MEAN,187_wine,0.01619
TOP5+MEAN,18_mfeat-morphological,0.00362
TOP5+MEAN,20_mfeat-pixel,0.0141399999999999
TOP5+MEAN,22_mfeat-zernike,0.03498
TOP5+MEAN,23_cmc,0.03047
TOP5+MEAN,28_optdigits,0.01057
TOP5+MEAN,292_Australian,0.0176599999999999
TOP5+MEAN,294_satellite_image,0.00701
TOP5+MEAN,30_page-blocks,0.04228
TOP5+MEAN,311_oil_spill,0.11419
TOP5+MEAN,312_scene,0.0074799999999999
TOP5+MEAN,316_yeast_ml8,0.38613
TOP5+MEAN,329_hayes-roth,0.09368
TOP5+MEAN,333_monks-problems-1,0.03851
TOP5+MEAN,334_monks-problems-2,0.21958
TOP5+MEAN,335_monks-problems-3,0.04642
TOP5+MEAN,336_SPECT,0.13902
TOP5+MEAN,36_segment,0.0031699999999999
TOP5+MEAN,375_JapaneseVowels,0.00966
TOP5+MEAN,377_synthetic_control,0.00115
TOP5+MEAN,37_diabetes,0.06248
TOP5+MEAN,40474_thyroid-allbp,0.0288799999999999
TOP5+MEAN,40475_thyroid-allhyper,0.0413199999999999
TOP5+MEAN,40496_LED-display-domain-7digit,0.10295
TOP5+MEAN,40733_yeast,0.1491999999999999
TOP5+MEAN,40877_seeds,0.0253
TOP5+MEAN,40_sonar,0.0441899999999999
TOP5+MEAN,43_haberman,0.1092599999999999
TOP5+MEAN,44_spambase,0.0081899999999999
TOP5+MEAN,450_analcatdata_lawsuit,0.2464599999999999
TOP5+MEAN,4538_GesturePhaseSegmentationProcessed,0.0508399999999999
TOP5+MEAN,458_analcatdata_authorship,0.0015799999999999
TOP5+MEAN,461_analcatdata_creditscore,0.0592
TOP5+MEAN,463_backache,0.2719999999999999
TOP5+MEAN,464_prnn_synth,0.03788
TOP5+MEAN,48_tae,0.30602
TOP5+MEAN,53_heart-statlog,0.1108199999999999
TOP5+MEAN,54_vehicle,0.0296899999999999
TOP5+MEAN,59_ionosphere,0.06162
TOP5+MEAN,60_waveform-5000,0.01243
TOP5+MEAN,61_iris,3.0000000000000512e-05
TOP5+MEAN,679_rmftsa_sleepdata,0.21285
TOP5+MEAN,694_diggle_table_a2,0.01505
TOP5+MEAN,AedesQuinx,0.01575
TOP5+MEAN,AedesSex,0.0051899999999999
TOP5+MEAN,anuranCalls,0.00728
TOP5+MEAN,ArabicDigit,0.00406
TOP5+MEAN,BNG,0.00472
TOP5+MEAN,click-prediction,0.2032099999999999
TOP5+MEAN,cmc,0.02982
TOP5+MEAN,covtype_reduced,0.0275099999999999
TOP5+MEAN,default_credit_card_clients,0.0406
TOP5+MEAN,eeg,0.08112
TOP5+MEAN,HTRU,0.00679
TOP5+MEAN,jm1-processed,0.06028
TOP5+MEAN,letter-recognition,0.19195
TOP5+MEAN,magic,0.0194599999999999
TOP5+MEAN,mozilla,0.01623
TOP5+MEAN,namao,0.00621
TOP5+MEAN,occupancy,0.0029099999999999
TOP5+MEAN,phoneme,0.02795
TOP5+MEAN,spambase,0.00762
TOP5+MEAN,winetype,0.00302
TOP5+MEDIAN,1043_ada_agnostic,0.03595
TOP5+MEDIAN,1048_jEdit_4,0.1839999999999999
TOP5+MEDIAN,1049_pc4,0.0184999999999999
TOP5+MEDIAN,1050_pc3,0.2589999999999999
TOP5+MEDIAN,1054_mc2,0.0477999999999999
TOP5+MEDIAN,1056_mc1,0.0589999999999999
TOP5+MEDIAN,1061_ar4,0.1276
TOP5+MEDIAN,1065_kc3,0.5
TOP5+MEDIAN,1066_kc1-binary,0.0290999999999999
TOP5+MEDIAN,1068_pc1,0.5
TOP5+MEDIAN,1069_pc2,0.485
TOP5+MEDIAN,1071_mw1,0.1718999999999999
TOP5+MEDIAN,1073_jEdit_4,0.14805
TOP5+MEDIAN,1075_datatrieve,0.4802999999999999
TOP5+MEDIAN,1115_teachingAssistant,0.16255
TOP5+MEDIAN,1121_badges2,0.0
TOP5+MEDIAN,1167_pc1_req,0.08315
TOP5+MEDIAN,11_balance-scale,0.0101499999999999
TOP5+MEDIAN,12_mfeat-factors,0.0033
TOP5+MEDIAN,1456_appendicitis,0.1615
TOP5+MEDIAN,1460_banana,0.1153
TOP5+MEDIAN,1462_banknote-authentication,0.0030999999999999
TOP5+MEDIAN,1464_blood-transfusion-service-center,0.0343
TOP5+MEDIAN,1465_breast-tissue,0.0750999999999999
TOP5+MEDIAN,1466_cardiotocography,0.0
TOP5+MEDIAN,1467_climate-model-simulation-crashes,0.5
TOP5+MEDIAN,1473_fertility,0.5
TOP5+MEDIAN,1475_first-order-theorem-proving,0.0387
TOP5+MEDIAN,1479_hill-valley,0.0172999999999999
TOP5+MEDIAN,1484_lsvt,0.1296999999999999
TOP5+MEDIAN,1485_madelon,0.0760999999999999
TOP5+MEDIAN,1487_ozone-level-8hr,0.05375
TOP5+MEDIAN,1488_parkinsons,0.0347499999999999
TOP5+MEDIAN,1489_phoneme,0.0259499999999999
TOP5+MEDIAN,1490_planning-relax,0.5
TOP5+MEDIAN,1494_qsar-biodeg,0.0628
TOP5+MEDIAN,1495_qualitative-bankruptcy,0.0342
TOP5+MEDIAN,1496_ringnorm,0.0233
TOP5+MEDIAN,1497_wall-robot-navigation,0.01885
TOP5+MEDIAN,1498_sa-heart,0.0381
TOP5+MEDIAN,14_mfeat-fourier,0.00965
TOP5+MEDIAN,1501_semeion,0.0407499999999999
TOP5+MEDIAN,1504_steel-plates-fault,0.0
TOP5+MEDIAN,1506_thoracic-surgery,0.5
TOP5+MEDIAN,1507_twonorm,0.00375
TOP5+MEDIAN,1508_user-knowledge,0.0112999999999999
TOP5+MEDIAN,1510_wdbc,0.0111499999999999
TOP5+MEDIAN,1511_wholesale-customers,0.0270999999999999
TOP5+MEDIAN,1512_heart-long-beach,0.47705
TOP5+MEDIAN,1519_robot-failures-lp4,0.0218
TOP5+MEDIAN,1520_robot-failures-lp5,0.1839
TOP5+MEDIAN,1523_vertebra-column,0.0156
TOP5+MEDIAN,1526_wall-robot-navigation,0.0300999999999999
TOP5+MEDIAN,1527_volcanoes-a1,0.03725
TOP5+MEDIAN,1528_volcanoes-a2,0.0184
TOP5+MEDIAN,1529_volcanoes-a3,0.02495
TOP5+MEDIAN,1530_volcanoes-a4,0.02765
TOP5+MEDIAN,1535_volcanoes-b5,0.0644999999999999
TOP5+MEDIAN,1538_volcanoes-d1,0.5
TOP5+MEDIAN,1539_volcanoes-d2,0.5
TOP5+MEDIAN,1540_volcanoes-d3,0.0247
TOP5+MEDIAN,1541_volcanoes-d4,0.0737
TOP5+MEDIAN,1547_autoUniv-au1-1000,0.1435
TOP5+MEDIAN,1559_breast-tissue,0.06955
TOP5+MEDIAN,1565_heart-h,0.0631
TOP5+MEDIAN,1566_hill-valley,0.12835
TOP5+MEDIAN,1570_wilt,0.0338499999999999
TOP5+MEDIAN,1600_SPECTF,0.0695999999999999
TOP5+MEDIAN,16_mfeat-karhunen,0.0142999999999999
TOP5+MEDIAN,182_satimage,0.0059499999999999
TOP5+MEDIAN,187_wine,0.0098
TOP5+MEDIAN,18_mfeat-morphological,0.0038
TOP5+MEDIAN,20_mfeat-pixel,0.01425
TOP5+MEDIAN,22_mfeat-zernike,0.03585
TOP5+MEDIAN,23_cmc,0.03155
TOP5+MEDIAN,28_optdigits,0.0104499999999999
TOP5+MEDIAN,292_Australian,0.01535
TOP5+MEDIAN,294_satellite_image,0.0067999999999999
TOP5+MEDIAN,30_page-blocks,0.0531999999999999
TOP5+MEDIAN,311_oil_spill,0.14045
TOP5+MEDIAN,312_scene,0.0080499999999999
TOP5+MEDIAN,316_yeast_ml8,0.5
TOP5+MEDIAN,329_hayes-roth,0.0938
TOP5+MEDIAN,333_monks-problems-1,0.0362
TOP5+MEDIAN,334_monks-problems-2,0.0553999999999999
TOP5+MEDIAN,335_monks-problems-3,0.00745
TOP5+MEDIAN,336_SPECT,0.12065
TOP5+MEDIAN,36_segment,0.0025999999999999
TOP5+MEDIAN,375_JapaneseVowels,0.0101
TOP5+MEDIAN,377_synthetic_control,0.0
TOP5+MEDIAN,37_diabetes,0.0553
TOP5+MEDIAN,40474_thyroid-allbp,0.0287
TOP5+MEDIAN,40475_thyroid-allhyper,0.04
TOP5+MEDIAN,40496_LED-display-domain-7digit,0.1004999999999999
TOP5+MEDIAN,40733_yeast,0.0573
TOP5+MEDIAN,40877_seeds,0.0220999999999999
TOP5+MEDIAN,40_sonar,0.0431999999999999
TOP5+MEDIAN,43_haberman,0.1165
TOP5+MEDIAN,44_spambase,0.0087
TOP5+MEDIAN,450_analcatdata_lawsuit,0.25575
TOP5+MEDIAN,4538_GesturePhaseSegmentationProcessed,0.049
TOP5+MEDIAN,458_analcatdata_authorship,0.00255
TOP5+MEDIAN,461_analcatdata_creditscore,0.0387499999999999
TOP5+MEDIAN,463_backache,0.5
TOP5+MEDIAN,464_prnn_synth,0.04145
TOP5+MEDIAN,48_tae,0.3069
TOP5+MEDIAN,53_heart-statlog,0.11745
TOP5+MEDIAN,54_vehicle,0.0280499999999999
TOP5+MEDIAN,59_ionosphere,0.0541499999999999
TOP5+MEDIAN,60_waveform-5000,0.0121499999999999
TOP5+MEDIAN,61_iris,0.0
TOP5+MEDIAN,679_rmftsa_sleepdata,0.04465
TOP5+MEDIAN,694_diggle_table_a2,0.0081499999999999
TOP5+MEDIAN,AedesQuinx,0.0171499999999999
TOP5+MEDIAN,AedesSex,0.00505
TOP5+MEDIAN,anuranCalls,0.0068
TOP5+MEDIAN,ArabicDigit,0.0037499999999999
TOP5+MEDIAN,BNG,0.0044999999999999
TOP5+MEDIAN,click-prediction,0.0591
TOP5+MEDIAN,cmc,0.0299
TOP5+MEDIAN,covtype_reduced,0.03035
TOP5+MEDIAN,default_credit_card_clients,0.0348999999999999
TOP5+MEDIAN,eeg,0.0774
TOP5+MEDIAN,HTRU,0.0082999999999999
TOP5+MEDIAN,jm1-processed,0.0586999999999999
TOP5+MEDIAN,letter-recognition,0.0325499999999999
TOP5+MEDIAN,magic,0.0190999999999999
TOP5+MEDIAN,mozilla,0.0160999999999999
TOP5+MEDIAN,namao,0.0060999999999999
TOP5+MEDIAN,occupancy,0.0029499999999999
TOP5+MEDIAN,phoneme,0.02275
TOP5+MEDIAN,spambase,0.00695
TOP5+MEDIAN,winetype,0.0031499999999999
TOP5+WEIGHTED,1043_ada_agnostic,0.0372505501117504
TOP5+WEIGHTED,1048_jEdit_4,0.0823762874604045
TOP5+WEIGHTED,1049_pc4,0.0186658047459861
TOP5+WEIGHTED,1050_pc3,0.1085422595623996
TOP5+WEIGHTED,1054_mc2,0.0584269910464354
TOP5+WEIGHTED,1056_mc1,0.0803851855971269
TOP5+WEIGHTED,1061_ar4,0.1405204387195737
TOP5+WEIGHTED,1065_kc3,0.2910529096318727
TOP5+WEIGHTED,1066_kc1-binary,0.0275650055822582
TOP5+WEIGHTED,1068_pc1,0.3238124717111421
TOP5+WEIGHTED,1069_pc2,0.4021057191661871
TOP5+WEIGHTED,1071_mw1,0.1217854214180522
TOP5+WEIGHTED,1073_jEdit_4,0.1191387954503276
TOP5+WEIGHTED,1075_datatrieve,0.2634341110518787
TOP5+WEIGHTED,1115_teachingAssistant,0.1195572041743196
TOP5+WEIGHTED,1121_badges2,0.003133597473179
TOP5+WEIGHTED,1167_pc1_req,0.1630710287420668
TOP5+WEIGHTED,11_balance-scale,0.0183426981709049
TOP5+WEIGHTED,12_mfeat-factors,0.0042888854768244
TOP5+WEIGHTED,1456_appendicitis,0.1769941320112851
TOP5+WEIGHTED,1460_banana,0.14266729284305
TOP5+WEIGHTED,1462_banknote-authentication,0.0031874949208726
TOP5+WEIGHTED,1464_blood-transfusion-service-center,0.0444321379400047
TOP5+WEIGHTED,1465_breast-tissue,0.0977035218580038
TOP5+WEIGHTED,1466_cardiotocography,4.926614671774132e-17
TOP5+WEIGHTED,1467_climate-model-simulation-crashes,0.3327677486276713
TOP5+WEIGHTED,1473_fertility,0.2638876644778147
TOP5+WEIGHTED,1475_first-order-theorem-proving,0.0368981608102186
TOP5+WEIGHTED,1479_hill-valley,0.016797712768542
TOP5+WEIGHTED,1484_lsvt,0.1454348427278805
TOP5+WEIGHTED,1485_madelon,0.0592336686883204
TOP5+WEIGHTED,1487_ozone-level-8hr,0.0701105528109372
TOP5+WEIGHTED,1488_parkinsons,0.0613421594910107
TOP5+WEIGHTED,1489_phoneme,0.0225388728467383
TOP5+WEIGHTED,1490_planning-relax,0.420469448884771
TOP5+WEIGHTED,1494_qsar-biodeg,0.058446496735352
TOP5+WEIGHTED,1495_qualitative-bankruptcy,0.029813831942196
TOP5+WEIGHTED,1496_ringnorm,0.0238714445587011
TOP5+WEIGHTED,1497_wall-robot-navigation,0.0191628704431777
TOP5+WEIGHTED,1498_sa-heart,0.0367907290597804
TOP5+WEIGHTED,14_mfeat-fourier,0.0111064743176293
TOP5+WEIGHTED,1501_semeion,0.025162777614071
TOP5+WEIGHTED,1504_steel-plates-fault,0.0008441932540453
TOP5+WEIGHTED,1506_thoracic-surgery,0.2899915715890549
TOP5+WEIGHTED,1507_twonorm,0.0029641652195304
TOP5+WEIGHTED,1508_user-knowledge,0.0135244885059443
TOP5+WEIGHTED,1510_wdbc,0.004140181641629
TOP5+WEIGHTED,1511_wholesale-customers,0.0258178092337503
TOP5+WEIGHTED,1512_heart-long-beach,0.3321363223402765
TOP5+WEIGHTED,1519_robot-failures-lp4,0.0903002999010239
TOP5+WEIGHTED,1520_robot-failures-lp5,0.2203958810174223
TOP5+WEIGHTED,1523_vertebra-column,0.0083281023132979
TOP5+WEIGHTED,1526_wall-robot-navigation,0.0288677766717264
TOP5+WEIGHTED,1527_volcanoes-a1,0.0383944333553652
TOP5+WEIGHTED,1528_volcanoes-a2,0.0178403130507152
TOP5+WEIGHTED,1529_volcanoes-a3,0.0246781065612728
TOP5+WEIGHTED,1530_volcanoes-a4,0.0311571737020042
TOP5+WEIGHTED,1535_volcanoes-b5,0.0478293208159175
TOP5+WEIGHTED,1538_volcanoes-d1,0.1096135848939986
TOP5+WEIGHTED,1539_volcanoes-d2,0.0786667612935493
TOP5+WEIGHTED,1540_volcanoes-d3,0.0231524864194511
TOP5+WEIGHTED,1541_volcanoes-d4,0.0869283411006745
TOP5+WEIGHTED,1547_autoUniv-au1-1000,0.190791183199271
TOP5+WEIGHTED,1559_breast-tissue,0.111987010262745
TOP5+WEIGHTED,1565_heart-h,0.0716567310182041
TOP5+WEIGHTED,1566_hill-valley,0.0904138966425993
TOP5+WEIGHTED,1570_wilt,0.0332394945215436
TOP5+WEIGHTED,1600_SPECTF,0.0518995187240258
TOP5+WEIGHTED,16_mfeat-karhunen,0.014600663485888
TOP5+WEIGHTED,182_satimage,0.0071779508876669
TOP5+WEIGHTED,187_wine,0.0144143596574342
TOP5+WEIGHTED,18_mfeat-morphological,0.0032189882058389
TOP5+WEIGHTED,20_mfeat-pixel,0.0147989200210257
TOP5+WEIGHTED,22_mfeat-zernike,0.0392000427976858
TOP5+WEIGHTED,23_cmc,0.045699676428397
TOP5+WEIGHTED,28_optdigits,0.0123259860471386
TOP5+WEIGHTED,292_Australian,0.0170477639764026
TOP5+WEIGHTED,294_satellite_image,0.0071330759167033
TOP5+WEIGHTED,30_page-blocks,0.041000262854944
TOP5+WEIGHTED,311_oil_spill,0.0640729767226063
TOP5+WEIGHTED,312_scene,0.0057474512437309
TOP5+WEIGHTED,316_yeast_ml8,0.2541561230820277
TOP5+WEIGHTED,329_hayes-roth,0.0597226130311807
TOP5+WEIGHTED,333_monks-problems-1,0.0391965899495423
TOP5+WEIGHTED,334_monks-problems-2,0.2840742794329193
TOP5+WEIGHTED,335_monks-problems-3,0.0610907410648082
TOP5+WEIGHTED,336_SPECT,0.1462604053541482
TOP5+WEIGHTED,36_segment,0.003061043308546
TOP5+WEIGHTED,375_JapaneseVowels,0.006914994605918
TOP5+WEIGHTED,377_synthetic_control,0.0067415795692947
TOP5+WEIGHTED,37_diabetes,0.0516928971797619
TOP5+WEIGHTED,40474_thyroid-allbp,0.0196984414354994
TOP5+WEIGHTED,40475_thyroid-allhyper,0.0315629773103362
TOP5+WEIGHTED,40496_LED-display-domain-7digit,0.1048476587988049
TOP5+WEIGHTED,40733_yeast,0.0639310238723
TOP5+WEIGHTED,40877_seeds,0.0148392166574258
TOP5+WEIGHTED,40_sonar,0.0422938223073714
TOP5+WEIGHTED,43_haberman,0.1155126832093297
TOP5+WEIGHTED,44_spambase,0.0085030389988678
TOP5+WEIGHTED,450_analcatdata_lawsuit,0.2112767253718645
TOP5+WEIGHTED,4538_GesturePhaseSegmentationProcessed,0.0485228706851517
TOP5+WEIGHTED,458_analcatdata_authorship,0.0021520572074539
TOP5+WEIGHTED,461_analcatdata_creditscore,0.0587268437064611
TOP5+WEIGHTED,463_backache,0.2782983422388849
TOP5+WEIGHTED,464_prnn_synth,0.0387073406181899
TOP5+WEIGHTED,48_tae,0.2855098010348895
TOP5+WEIGHTED,53_heart-statlog,0.1321491000456983
TOP5+WEIGHTED,54_vehicle,0.0206845333535323
TOP5+WEIGHTED,59_ionosphere,0.0681747318909043
TOP5+WEIGHTED,60_waveform-5000,0.0120762505714834
TOP5+WEIGHTED,61_iris,0.0074698162033327
TOP5+WEIGHTED,679_rmftsa_sleepdata,0.2935189217440507
TOP5+WEIGHTED,694_diggle_table_a2,0.0461655880239329
TOP5+WEIGHTED,AedesQuinx,0.0140766466261168
TOP5+WEIGHTED,AedesSex,0.0050148004467651
TOP5+WEIGHTED,anuranCalls,0.0069000607262134
TOP5+WEIGHTED,ArabicDigit,0.0040230416208419
TOP5+WEIGHTED,BNG,0.0052884143654819
TOP5+WEIGHTED,click-prediction,0.0544384971744601
TOP5+WEIGHTED,cmc,0.0293769906785568
TOP5+WEIGHTED,covtype_reduced,0.0212525250986126
TOP5+WEIGHTED,default_credit_card_clients,0.0512495536027951
TOP5+WEIGHTED,eeg,0.0655505262419392
TOP5+WEIGHTED,HTRU,0.0072187336683152
TOP5+WEIGHTED,jm1-processed,0.0533711166744704
TOP5+WEIGHTED,letter-recognition,0.09581869005995
TOP5+WEIGHTED,magic,0.018832433621365
TOP5+WEIGHTED,mozilla,0.0162644486477109
TOP5+WEIGHTED,namao,0.0062690882420763
TOP5+WEIGHTED,occupancy,0.0031660565523614
TOP5+WEIGHTED,phoneme,0.0207382228276008
TOP5+WEIGHTED,spambase,0.0087401116274677
TOP5+WEIGHTED,winetype,0.0030157460779738
TOPLINE,1043_ada_agnostic,0.04745
TOPLINE,1048_jEdit_4,0.12585
TOPLINE,1049_pc4,0.0441999999999999
TOPLINE,1050_pc3,0.08275
TOPLINE,1054_mc2,0.064
TOPLINE,1056_mc1,0.06735
TOPLINE,1061_ar4,0.07525
TOPLINE,1065_kc3,0.0643
TOPLINE,1066_kc1-binary,0.05145
TOPLINE,1068_pc1,0.2173999999999999
TOPLINE,1069_pc2,0.1314
TOPLINE,1071_mw1,0.05815
TOPLINE,1073_jEdit_4,0.12435
TOPLINE,1075_datatrieve,0.0661
TOPLINE,1115_teachingAssistant,0.11245
TOPLINE,1121_badges2,0.0
TOPLINE,1167_pc1_req,0.15535
TOPLINE,11_balance-scale,0.01905
TOPLINE,12_mfeat-factors,0.0059499999999999
TOPLINE,1456_appendicitis,0.08025
TOPLINE,1460_banana,0.0654
TOPLINE,1462_banknote-authentication,0.00515
TOPLINE,1464_blood-transfusion-service-center,0.0765
TOPLINE,1465_breast-tissue,0.05885
TOPLINE,1466_cardiotocography,0.0
TOPLINE,1467_climate-model-simulation-crashes,0.17415
TOPLINE,1473_fertility,0.3578
TOPLINE,1475_first-order-theorem-proving,0.07735
TOPLINE,1479_hill-valley,0.04285
TOPLINE,1484_lsvt,0.0762
TOPLINE,1485_madelon,0.1413
TOPLINE,1487_ozone-level-8hr,0.05565
TOPLINE,1488_parkinsons,0.0463499999999999
TOPLINE,1489_phoneme,0.0487
TOPLINE,1490_planning-relax,0.3151
TOPLINE,1494_qsar-biodeg,0.0356
TOPLINE,1495_qualitative-bankruptcy,0.0233999999999999
TOPLINE,1496_ringnorm,0.05055
TOPLINE,1497_wall-robot-navigation,0.04595
TOPLINE,1498_sa-heart,0.067
TOPLINE,14_mfeat-fourier,0.0007
TOPLINE,1501_semeion,0.01465
TOPLINE,1504_steel-plates-fault,0.0
TOPLINE,1506_thoracic-surgery,0.281
TOPLINE,1507_twonorm,0.00815
TOPLINE,1508_user-knowledge,0.02625
TOPLINE,1510_wdbc,0.0098
TOPLINE,1511_wholesale-customers,0.02675
TOPLINE,1512_heart-long-beach,0.30655
TOPLINE,1519_robot-failures-lp4,0.0575
TOPLINE,1520_robot-failures-lp5,0.1764
TOPLINE,1523_vertebra-column,0.00995
TOPLINE,1526_wall-robot-navigation,0.05785
TOPLINE,1527_volcanoes-a1,0.03405
TOPLINE,1528_volcanoes-a2,0.0384
TOPLINE,1529_volcanoes-a3,0.04015
TOPLINE,1530_volcanoes-a4,0.04335
TOPLINE,1535_volcanoes-b5,0.04125
TOPLINE,1538_volcanoes-d1,0.06315
TOPLINE,1539_volcanoes-d2,0.10385
TOPLINE,1540_volcanoes-d3,0.0599
TOPLINE,1541_volcanoes-d4,0.06885
TOPLINE,1547_autoUniv-au1-1000,0.19875
TOPLINE,1559_breast-tissue,0.1565
TOPLINE,1565_heart-h,0.05715
TOPLINE,1566_hill-valley,0.08455
TOPLINE,1570_wilt,0.03875
TOPLINE,1600_SPECTF,0.06775
TOPLINE,16_mfeat-karhunen,0.0137
TOPLINE,182_satimage,0.0079
TOPLINE,187_wine,0.01075
TOPLINE,18_mfeat-morphological,0.0065
TOPLINE,20_mfeat-pixel,0.0151
TOPLINE,22_mfeat-zernike,0.0323
TOPLINE,23_cmc,0.08745
TOPLINE,28_optdigits,0.01705
TOPLINE,292_Australian,0.02895
TOPLINE,294_satellite_image,0.0113
TOPLINE,30_page-blocks,0.0283999999999999
TOPLINE,311_oil_spill,0.04135
TOPLINE,312_scene,0.01185
TOPLINE,316_yeast_ml8,0.10845
TOPLINE,329_hayes-roth,0.05605
TOPLINE,333_monks-problems-1,0.07185
TOPLINE,334_monks-problems-2,0.0935
TOPLINE,335_monks-problems-3,0.01475
TOPLINE,336_SPECT,0.07585
TOPLINE,36_segment,0.0044
TOPLINE,375_JapaneseVowels,0.01325
TOPLINE,377_synthetic_control,0.0
TOPLINE,37_diabetes,0.06795
TOPLINE,40474_thyroid-allbp,0.05225
TOPLINE,40475_thyroid-allhyper,0.0613
TOPLINE,40496_LED-display-domain-7digit,0.06775
TOPLINE,40733_yeast,0.0932
TOPLINE,40877_seeds,0.011
TOPLINE,40_sonar,0.04885
TOPLINE,43_haberman,0.1534
TOPLINE,44_spambase,0.0201
TOPLINE,450_analcatdata_lawsuit,0.0948499999999999
TOPLINE,4538_GesturePhaseSegmentationProcessed,0.0951999999999999
TOPLINE,458_analcatdata_authorship,0.00275
TOPLINE,461_analcatdata_creditscore,0.02155
TOPLINE,463_backache,0.32755
TOPLINE,464_prnn_synth,0.0281499999999999
TOPLINE,48_tae,0.26115
TOPLINE,53_heart-statlog,0.0885
TOPLINE,54_vehicle,0.01885
TOPLINE,59_ionosphere,0.0458
TOPLINE,60_waveform-5000,0.0278
TOPLINE,61_iris,0.0
TOPLINE,679_rmftsa_sleepdata,0.11645
TOPLINE,694_diggle_table_a2,0.01515
TOPLINE,AedesQuinx,0.03915
TOPLINE,AedesSex,0.0105
TOPLINE,anuranCalls,0.0058499999999999
TOPLINE,ArabicDigit,0.0089
TOPLINE,BNG,0.01925
TOPLINE,click-prediction,0.0152
TOPLINE,cmc,0.128
TOPLINE,covtype_reduced,0.0777
TOPLINE,default_credit_card_clients,0.0539
TOPLINE,eeg,0.0802
TOPLINE,HTRU,0.1413
TOPLINE,jm1-processed,0.09785
TOPLINE,letter-recognition,0.0949499999999999
TOPLINE,magic,0.04905
TOPLINE,mozilla,0.0369
TOPLINE,namao,0.0163
TOPLINE,occupancy,0.00695
TOPLINE,phoneme,0.0554
TOPLINE,spambase,0.0204
TOPLINE,winetype,0.004
X,1043_ada_agnostic,0.0554
X,1048_jEdit_4,0.2396
X,1049_pc4,0.0441999999999999
X,1050_pc3,0.2872
X,1054_mc2,0.41255
X,1056_mc1,0.06735
X,1061_ar4,0.07525
X,1065_kc3,0.5
X,1066_kc1-binary,0.0904
X,1068_pc1,0.5
X,1069_pc2,0.1314
X,1071_mw1,0.19835
X,1073_jEdit_4,0.18635
X,1075_datatrieve,0.13545
X,1115_teachingAssistant,0.12895
X,1121_badges2,0.0
X,1167_pc1_req,0.32435
X,11_balance-scale,0.0219499999999999
X,12_mfeat-factors,0.0086
X,1456_appendicitis,0.08025
X,1460_banana,0.4052
X,1462_banknote-authentication,0.0059
X,1464_blood-transfusion-service-center,0.0993
X,1465_breast-tissue,0.1253
X,1466_cardiotocography,0.0
X,1467_climate-model-simulation-crashes,0.5
X,1473_fertility,0.5
X,1475_first-order-theorem-proving,0.09725
X,1479_hill-valley,0.09945
X,1484_lsvt,0.22315
X,1485_madelon,0.1593
X,1487_ozone-level-8hr,0.06535
X,1488_parkinsons,0.2327
X,1489_phoneme,0.066
X,1490_planning-relax,0.5
X,1494_qsar-biodeg,0.08495
X,1495_qualitative-bankruptcy,0.04845
X,1496_ringnorm,0.0721
X,1497_wall-robot-navigation,0.0595
X,1498_sa-heart,0.0848
X,14_mfeat-fourier,0.0007
X,1501_semeion,0.02165
X,1504_steel-plates-fault,0.00395
X,1506_thoracic-surgery,0.5
X,1507_twonorm,0.01115
X,1508_user-knowledge,0.0733999999999999
X,1510_wdbc,0.01645
X,1511_wholesale-customers,0.03445
X,1512_heart-long-beach,0.5
X,1519_robot-failures-lp4,0.0575
X,1520_robot-failures-lp5,0.23235
X,1523_vertebra-column,0.03625
X,1526_wall-robot-navigation,0.07165
X,1527_volcanoes-a1,0.0494
X,1528_volcanoes-a2,0.04135
X,1529_volcanoes-a3,0.05135
X,1530_volcanoes-a4,0.05
X,1535_volcanoes-b5,0.0414
X,1538_volcanoes-d1,0.5
X,1539_volcanoes-d2,0.5
X,1540_volcanoes-d3,0.0608999999999999
X,1541_volcanoes-d4,0.06885
X,1547_autoUniv-au1-1000,0.24245
X,1559_breast-tissue,0.3082
X,1565_heart-h,0.0803
X,1566_hill-valley,0.12895
X,1570_wilt,0.03905
X,1600_SPECTF,0.1231
X,16_mfeat-karhunen,0.01765
X,182_satimage,0.0149
X,187_wine,0.0301
X,18_mfeat-morphological,0.009
X,20_mfeat-pixel,0.01775
X,22_mfeat-zernike,0.03685
X,23_cmc,0.11065
X,28_optdigits,0.01705
X,292_Australian,0.03105
X,294_satellite_image,0.01365
X,30_page-blocks,0.0313
X,311_oil_spill,0.05085
X,312_scene,0.0181
X,316_yeast_ml8,0.5
X,329_hayes-roth,0.212
X,333_monks-problems-1,0.1613
X,334_monks-problems-2,0.5
X,335_monks-problems-3,0.01475
X,336_SPECT,0.07585
X,36_segment,0.00885
X,375_JapaneseVowels,0.01705
X,377_synthetic_control,0.0
X,37_diabetes,0.0906
X,40474_thyroid-allbp,0.07205
X,40475_thyroid-allhyper,0.0789
X,40496_LED-display-domain-7digit,0.14685
X,40733_yeast,0.0944999999999999
X,40877_seeds,0.02925
X,40_sonar,0.0635
X,43_haberman,0.2796
X,44_spambase,0.02475
X,450_analcatdata_lawsuit,0.256
X,4538_GesturePhaseSegmentationProcessed,0.12365
X,458_analcatdata_authorship,0.00275
X,461_analcatdata_creditscore,0.16015
X,463_backache,0.5
X,464_prnn_synth,0.0647
X,48_tae,0.3069
X,53_heart-statlog,0.0885
X,54_vehicle,0.041
X,59_ionosphere,0.0814
X,60_waveform-5000,0.03975
X,61_iris,0.0
X,679_rmftsa_sleepdata,0.5
X,694_diggle_table_a2,0.0446
X,AedesQuinx,0.0484
X,AedesSex,0.01275
X,anuranCalls,0.00875
X,ArabicDigit,0.0110499999999999
X,BNG,0.0229
X,click-prediction,0.0191
X,cmc,0.145
X,covtype_reduced,0.10335
X,default_credit_card_clients,0.06755
X,eeg,0.09805
X,HTRU,0.23315
X,jm1-processed,0.1169999999999999
X,letter-recognition,0.10975
X,magic,0.0591
X,mozilla,0.04355
X,namao,0.0201
X,occupancy,0.00915
X,phoneme,0.0673
X,spambase,0.02505
X,winetype,0.00555
